gender,grade,age,like_games,games_2a,games_2b,games_2c,games_2d,games_2e,games_2f,games_2g,prof_3a,prof_3b,prof_3c,prof_3d,prof_3e,prof_3f,prof_3g,serving_guests,financial_decisions,chores_6a,chores_6b,chores_6c,chores_6d,chores_6e,chores_6f,chores_6g,social_7a,social_7b,social_7c,social_7d,social_7e,social_7f,social_7g,legal_marriage_age,freedom_9a,freedom_9b,freedom_9c,freedom_9d,freedom_9e,freedom_9f,cons_10a,cons_10b,cons_10c,cons_10d,cons_10e,cons_10f,cons_10g,early_pregnancy,child_helpline,aspirations,age_group,type,district
Girl,6,13,0,3,3,3,3,3,3,3,3,3,3,3,3,3,3,2,1,2,2,5,5,6,1,1,3,3,3,3,3,3,3,0,0,0,0,0,0,0,0,0,0,0,0,0,0,0,0,0,10-13 years,pre,dhule
Girl,6,13,1,3,0,3,0,3,3,3,3,3,1,3,3,3,1,2,3,2,2,1,2,6,1,1,3,1,2,0,3,3,3,4,1,1,1,0,1,1,1,1,1,1,1,1,1,1,3,1,10-13 years,pre,dhule
Boy,7,13,1,3,3,3,3,3,3,3,3,3,3,3,3,3,3,2,1,2,2,8,5,2,1,7,3,3,3,3,3,3,3,4,1,1,1,1,1,1,1,1,1,1,1,1,1,1,6,1,10-13 years,pre,dhule
Girl,8,14,0,3,0,2,2,2,2,2,2,2,2,2,2,2,2,7,3,7,6,7,7,6,8,7,2,2,0,2,2,2,0,4,1,1,1,0,1,1,0,1,0,1,0,1,1,1,7,1,14-17 years,pre,dhule
Girl,8,13,1,3,2,3,3,3,3,3,3,3,3,3,3,3,3,2,3,2,1,2,2,2,2,2,3,1,2,2,2,2,2,4,1,1,1,0,1,1,0,0,0,0,0,0,1,1,7,1,10-13 years,pre,dhule
Girl,8,13,0,3,3,3,3,3,3,3,3,3,3,3,3,3,3,4,3,4,4,,8,4,,8,3,3,3,2,3,3,3,4,1,0,1,0,1,1,1,1,0,0,1,0,0,1,2,1,10-13 years,pre,dhule
Girl,8,13,1,3,3,3,3,3,3,0,3,3,3,3,0,3,3,4,3,4,7,4,7,4,1,8,3,1,0,2,3,3,0,4,1,0,1,0,1,1,1,1,0,0,1,0,0,1,6,1,10-13 years,pre,dhule
Girl,8,13,1,3,3,3,0,3,3,0,3,2,1,1,3,3,1,4,3,7,7,1,8,7,8,8,3,1,0,0,3,3,2,4,1,1,1,0,0,1,1,1,0,0,1,0,0,1,6,1,10-13 years,pre,dhule
,8,12,1,2,3,3,3,3,3,3,3,2,3,3,3,3,3,4,3,2,2,4,2,2,1,4,3,1,2,2,2,1,2,1,1,1,1,0,1,1,1,1,1,1,1,0,0,1,6,1,10-13 years,pre,dhule
Girl,8,13,1,3,3,3,3,3,3,3,3,2,3,3,3,3,3,4,3,4,4,8,8,4,8,8,3,3,3,2,3,3,3,4,1,1,1,0,1,1,1,1,1,1,1,1,1,1,6,1,10-13 years,pre,dhule
Girl,8,13,1,3,3,3,3,3,3,3,3,2,3,3,3,3,3,4,3,4,4,8,8,4,8,8,3,3,3,2,3,3,3,4,1,1,1,0,1,1,1,1,1,1,1,1,1,1,6,1,10-13 years,pre,dhule
Girl,8,12,1,3,3,3,3,3,3,3,3,2,3,3,3,3,3,4,3,6,7,8,4,4,8,8,3,1,0,3,3,3,0,4,1,1,1,0,1,0,1,1,1,1,1,0,0,1,6,1,10-13 years,pre,dhule
Girl,9,14,0,3,2,3,0,3,1,1,3,3,3,3,3,3,3,2,2,3,3,3,3,3,3,3,3,1,2,2,3,2,0,0,0,0,0,0,0,0,1,0,0,0,0,0,0,0,2,0,14-17 years,pre,dhule
Girl,10,15,0,3,3,3,3,3,3,3,2,2,2,2,1,2,3,2,1,3,2,2,1,3,1,2,2,1,2,0,2,2,0,4,1,1,1,0,0,1,1,0,1,1,1,1,0,1,2,1,14-17 years,pre,dhule
Girl,9,15,0,3,1,3,2,3,1,0,3,2,3,2,1,3,3,4,0,3,3,3,3,3,3,3,3,1,2,0,1,2,0,0,1,1,0,0,0,0,0,0,0,0,0,0,1,0,2,0,14-17 years,pre,dhule
,9,14,0,3,2,3,0,3,1,1,3,3,3,3,3,3,3,2,4,8,8,8,8,8,8,8,0,1,1,0,0,1,0,,1,1,1,0,1,1,0,1,1,0,0,1,1,1,2,1,14-17 years,pre,dhule
,9,14,0,3,2,3,0,3,2,2,3,2,3,3,3,3,3,2,1,6,6,1,7,2,2,7,2,1,2,2,3,2,2,4,1,1,1,0,1,1,1,1,1,1,1,1,1,1,3,1,14-17 years,pre,dhule
,9,13,0,3,2,3,2,3,1,2,3,2,3,3,3,3,3,2,3,6,6,1,5,6,8,1,3,1,2,2,3,2,2,4,1,1,1,0,0,1,0,0,0,0,0,0,1,1,2,1,10-13 years,pre,dhule
,10,15,0,3,2,1,3,3,3,1,3,2,3,3,1,3,3,2,1,6,6,1,1,6,1,4,1,1,2,2,2,1,1,4,1,1,0,0,0,0,1,0,1,1,1,0,0,1,3,1,14-17 years,pre,dhule
,10,15,0,3,2,1,3,3,3,1,3,2,3,3,1,3,3,2,1,2,2,1,1,6,6,4,1,1,2,2,2,1,2,4,1,1,1,0,0,0,1,0,1,1,1,0,1,1,3,1,14-17 years,pre,dhule
Girl,8,15,0,3,2,2,3,3,3,3,3,3,3,3,3,3,0,4,4,6,6,5,1,6,7,8,2,1,2,2,2,1,2,0,0,0,0,0,0,0,0,0,0,0,0,0,0,0,0,0,14-17 years,pre,dhule
Boy,8,15,0,1,0,1,1,1,1,1,1,0,1,0,0,1,0,2,1,8,2,1,1,2,8,1,1,1,0,0,0,1,0,4,1,0,1,0,0,1,0,0,0,1,1,1,1,1,0,1,14-17 years,pre,dhule
Girl,8,15,0,3,1,3,3,3,3,1,2,2,0,2,2,2,0,0,0,3,2,1,1,6,1,1,2,0,2,0,0,2,2,0,1,1,1,0,1,1,0,0,0,0,0,0,0,1,0,1,14-17 years,pre,dhule
Girl,8,15,0,3,3,3,3,3,3,3,3,3,3,3,0,3,0,2,1,2,2,1,1,2,1,8,2,1,0,1,3,1,2,4,1,0,1,0,1,1,0,0,0,1,0,1,1,1,,1,14-17 years,pre,dhule
Girl,8,13,0,3,3,3,3,3,3,3,3,3,3,3,3,3,3,2,3,6,6,1,4,6,8,4,0,1,0,0,0,0,2,4,1,1,1,0,0,1,0,0,0,1,0,1,1,1,6,1,10-13 years,pre,dhule
Boy,9,14,1,3,3,3,3,3,3,3,3,2,3,3,3,3,0,2,4,2,2,7,7,7,7,7,1,1,0,2,1,1,2,4,0,0,1,0,0,0,1,0,1,1,1,0,0,1,4,1,14-17 years,pre,dhule
Girl,9,15,1,3,3,3,3,3,3,3,3,2,3,3,3,3,3,2,3,6,7,8,8,7,8,8,1,1,2,2,2,1,2,4,1,1,0,0,0,0,1,1,1,1,1,0,0,1,0,2,14-17 years,pre,dhule
Boy,,11,0,3,0,3,3,3,3,0,3,2,3,3,3,3,3,4,3,2,2,8,1,4,4,4,2,1,2,1,3,3,2,0,0,0,0,0,0,0,0,0,0,0,0,0,0,0,0,1,10-13 years,pre,dhule
Boy,10,16,2,2,2,1,1,2,2,1,1,2,1,1,1,2,1,0,3,2,2,1,1,2,1,1,2,2,1,2,1,2,2,0,1,0,1,0,1,1,1,1,1,1,1,0,0,1,4,1,14-17 years,pre,dhule
Girl,7,13,1,3,2,3,3,3,3,3,3,3,3,3,3,3,3,2,3,6,6,4,4,7,8,1,1,1,0,1,0,1,2,4,1,1,1,0,1,1,1,1,0,0,1,1,0,1,6,1,10-13 years,pre,dhule
Boy,10,16,0,3,0,3,3,3,3,3,3,3,3,3,3,3,3,2,3,2,2,4,4,4,8,8,2,1,2,1,2,1,2,4,1,1,1,0,1,1,1,0,1,1,1,0,0,1,6,1,14-17 years,pre,dhule
Girl,10,15,1,3,0,0,0,0,0,0,3,3,0,0,0,3,0,2,3,6,2,1,8,8,8,1,0,1,2,2,0,0,2,4,1,1,0,0,0,0,1,0,1,1,1,0,0,1,5,1,14-17 years,pre,dhule
Boy,10,15,1,3,2,1,2,3,3,0,3,2,3,3,3,3,3,2,3,2,2,5,4,8,7,5,0,1,0,0,0,0,0,4,1,1,1,0,0,1,1,0,1,1,1,0,0,1,7,1,14-17 years,pre,dhule
Boy,8,13,0,3,0,0,0,3,0,0,3,0,0,0,0,3,0,2,3,2,2,0,0,0,0,0,2,3,2,2,1,1,2,4,1,0,1,0,0,1,0,1,0,0,1,1,0,1,5,1,10-13 years,pre,dhule
Boy,9,15,0,3,0,0,0,3,0,0,3,0,0,0,0,3,0,2,3,2,8,1,1,2,1,1,2,1,2,2,1,1,2,4,1,1,1,0,0,0,1,1,0,0,1,0,0,1,4,1,14-17 years,pre,dhule
Girl,8,13,0,3,1,3,3,3,3,,3,3,3,3,3,3,3,2,3,6,8,1,8,2,8,1,1,1,2,1,2,1,2,4,1,0,0,0,0,0,1,1,0,1,1,0,0,1,7,2,10-13 years,pre,dhule
,9,14,0,3,1,3,3,3,3,0,3,3,1,3,3,3,3,0,2,6,2,1,2,2,1,1,1,1,2,1,2,1,2,4,1,1,1,,1,1,,,1,1,1,1,1,1,1,2,14-17 years,pre,dhule
Boy,10,15,1,3,0,3,3,3,3,3,3,2,3,3,3,3,3,7,3,2,2,4,4,2,8,8,0,0,0,0,0,0,0,4,1,1,1,0,1,1,0,0,0,0,0,0,0,1,5,1,14-17 years,pre,dhule
Girl,10,15,1,3,0,0,0,0,0,0,3,3,0,0,0,3,0,2,3,6,2,1,8,5,8,1,0,1,2,2,0,0,2,4,1,1,0,0,0,0,1,0,1,1,1,0,0,1,5,1,14-17 years,pre,dhule
Girl,9,14,1,3,2,1,1,0,3,1,3,2,3,3,2,3,3,4,1,6,6,1,1,6,1,1,1,1,3,2,0,3,2,4,1,1,1,0,1,1,1,0,0,1,0,0,0,1,7,2,14-17 years,pre,dhule
Girl,9,14,1,3,3,3,3,3,3,3,3,3,3,3,3,3,3,4,1,6,6,1,7,6,8,8,1,1,2,0,0,3,3,4,1,0,1,0,0,1,1,1,1,1,1,0,0,1,7,1,14-17 years,pre,dhule
Girl,9,15,1,3,2,1,1,1,3,1,3,2,3,3,2,3,3,4,1,6,6,1,1,6,1,1,1,1,3,2,2,0,2,4,1,1,1,0,1,1,1,0,0,1,0,0,0,1,7,2,14-17 years,pre,dhule
Girl,9,16,1,3,3,3,3,3,3,3,3,3,3,3,3,3,3,1,4,6,6,5,4,4,8,4,3,1,2,2,1,1,2,4,1,1,1,0,1,1,1,1,1,1,1,1,0,1,7,1,14-17 years,pre,dhule
Boy,9,15,1,0,0,0,0,3,0,0,1,2,3,0,0,3,3,2,3,7,2,7,4,2,8,8,0,3,0,0,0,0,0,1,1,1,1,0,0,1,1,1,1,1,1,1,0,1,4,1,14-17 years,pre,dhule
Boy,9,15,1,3,2,3,3,3,2,3,3,2,3,3,3,3,1,2,1,7,8,5,5,8,1,1,3,1,0,2,0,1,0,3,1,1,1,0,1,1,1,1,1,1,1,1,0,1,4,1,14-17 years,pre,dhule
Boy,9,15,1,3,3,3,3,3,3,3,3,2,3,3,3,3,3,2,1,2,2,5,5,2,5,4,3,3,1,3,3,1,2,1,1,1,1,0,0,1,1,1,1,1,1,1,,1,6,1,14-17 years,pre,dhule
Girl,9,15,1,3,0,3,3,3,3,0,3,3,3,3,3,3,3,4,3,6,6,5,4,6,8,4,3,1,1,2,3,3,3,4,1,1,1,0,1,1,1,1,1,1,1,1,0,1,7,1,14-17 years,pre,dhule
Boy,10,15,1,3,3,3,3,1,3,1,3,2,3,3,1,3,1,4,3,6,2,5,7,4,8,1,2,1,3,2,3,2,2,4,1,1,0,0,0,0,1,1,1,0,1,0,0,1,7,1,14-17 years,pre,dhule
Girl,10,16,1,3,3,3,3,3,3,3,3,2,3,3,3,3,3,4,3,3,2,1,3,3,8,8,3,3,1,2,3,3,3,4,1,1,1,0,0,1,1,1,0,1,1,0,0,1,0,1,14-17 years,pre,dhule
Boy,10,16,1,3,3,3,3,1,3,1,3,2,3,3,1,3,1,4,3,2,2,1,1,2,1,1,2,1,3,2,3,2,2,4,,1,,,0,0,1,1,1,0,1,0,0,1,7,1,14-17 years,pre,dhule
Boy,10,16,1,3,2,3,3,3,2,3,3,0,0,0,0,0,0,4,3,6,2,5,7,4,8,4,1,1,2,2,2,1,2,4,1,1,1,0,0,0,1,0,1,1,1,0,0,1,1,1,14-17 years,pre,dhule
Girl,10,16,1,3,2,3,3,3,2,3,3,2,3,3,3,3,3,4,3,6,6,1,8,4,8,5,1,1,2,2,2,1,2,4,1,1,1,0,0,0,1,0,0,0,0,1,1,1,,,14-17 years,pre,dhule
Girl,10,16,0,3,2,3,3,3,2,3,0,0,0,0,0,0,0,4,3,6,6,1,8,4,8,5,1,1,2,2,2,1,2,4,1,1,1,0,0,0,1,0,0,0,0,0,0,1,1,1,14-17 years,pre,dhule
Boy,10,16,1,3,2,3,3,3,2,3,0,0,0,0,0,0,0,4,3,6,6,1,8,4,8,1,1,1,2,2,2,1,2,4,1,1,1,0,0,0,1,0,0,0,0,1,1,1,1,1,14-17 years,pre,dhule
Girl,10,16,2,3,2,3,3,3,2,3,0,0,0,0,0,0,0,4,3,6,6,1,8,4,8,5,1,1,2,2,2,1,2,4,1,1,1,0,0,0,1,0,0,0,0,0,0,1,1,1,14-17 years,pre,dhule
Girl,10,16,1,3,2,3,3,3,2,3,3,2,3,3,3,3,3,4,3,6,6,1,8,4,8,5,1,1,2,2,2,1,2,4,1,1,1,0,0,0,1,0,0,0,0,1,1,1,1,1,14-17 years,pre,dhule
,9,15,1,3,0,0,3,0,3,0,3,3,1,3,3,3,3,2,1,2,2,1,2,8,8,8,2,2,2,2,2,2,0,4,1,1,0,0,0,1,1,1,1,1,1,1,0,1,2,1,14-17 years,pre,dhule
Boy,10,16,1,3,2,3,3,3,2,3,3,2,1,1,3,3,3,4,3,6,6,1,8,4,8,5,3,1,2,2,1,2,3,4,1,,1,0,0,1,1,1,1,1,1,1,0,1,1,1,14-17 years,pre,dhule
,9,14,1,3,3,3,3,3,3,3,3,3,3,3,3,3,3,2,1,6,2,1,1,2,1,1,2,1,2,2,1,1,2,4,1,1,1,0,0,1,0,0,0,0,1,0,0,1,2,1,14-17 years,pre,dhule
Girl,8,12,1,3,3,1,1,3,3,1,3,3,3,3,1,3,3,2,3,6,8,8,1,6,2,4,3,3,1,3,3,3,3,4,1,1,1,0,1,1,0,1,0,1,0,1,1,1,1,1,10-13 years,pre,dhule
Boy,8,14,1,3,0,3,0,3,0,0,3,3,3,3,3,3,3,2,3,2,2,5,8,6,8,4,3,3,3,3,3,3,3,4,1,1,1,1,1,1,1,0,1,1,1,1,1,1,1,1,14-17 years,pre,dhule
Boy,8,13,1,3,2,3,0,3,3,0,3,3,3,3,3,3,3,2,3,2,2,7,4,6,8,1,3,3,3,3,3,3,3,4,1,1,1,1,1,1,1,1,1,1,1,1,1,1,1,1,10-13 years,pre,dhule
Girl,7,12,1,3,2,3,1,3,1,1,3,2,3,3,3,3,3,2,1,6,6,1,1,6,1,1,3,3,1,3,3,3,2,4,1,1,1,1,1,1,1,0,1,1,1,0,0,1,1,1,10-13 years,pre,dhule
Boy,7,13,1,3,2,3,1,3,1,3,3,2,1,3,3,3,1,2,1,2,2,1,3,2,1,8,3,1,2,3,3,3,0,4,1,1,1,0,0,1,1,0,1,1,1,0,0,1,1,1,10-13 years,pre,dhule
Boy,7,12,1,3,2,3,1,3,1,3,3,2,3,3,3,3,1,4,1,2,2,5,5,2,1,7,2,1,1,3,3,3,2,4,1,1,1,0,0,1,1,0,1,1,1,0,0,1,1,1,10-13 years,pre,dhule
Boy,7,13,1,3,2,1,1,3,1,1,3,2,3,3,3,3,3,2,1,2,2,1,5,6,0,4,3,1,3,3,3,3,2,4,1,1,1,1,1,1,1,0,1,1,1,0,0,1,1,1,10-13 years,pre,dhule
Boy,8,14,1,3,3,3,3,1,3,1,3,2,2,3,3,3,2,2,1,2,2,5,0,0,0,0,0,1,0,0,0,1,0,4,0,0,1,0,0,1,1,0,1,0,0,0,0,1,4,1,14-17 years,pre,dhule
Girl,8,14,1,3,3,1,1,1,3,3,3,3,3,1,1,3,3,2,1,6,6,3,1,1,1,1,2,2,1,0,0,2,0,4,1,1,1,0,1,1,0,0,0,1,0,1,1,1,1,1,14-17 years,pre,dhule
Girl,8,12,1,3,3,1,1,3,3,3,2,0,0,0,0,0,0,2,1,6,6,8,8,2,1,1,2,1,1,0,0,3,3,4,1,1,1,1,0,1,1,0,1,0,1,0,0,2,6,1,10-13 years,pre,dhule
Girl,7,12,1,3,3,1,3,3,3,1,3,3,3,3,3,3,3,2,3,6,6,1,4,6,8,4,3,1,3,1,3,1,2,2,1,1,1,0,1,1,1,0,1,1,1,1,1,2,4,1,10-13 years,pre,dhule
Boy,8,13,1,3,3,1,1,1,1,1,0,0,0,0,0,0,0,1,1,6,6,1,7,6,1,1,2,1,0,0,0,1,3,4,1,1,1,0,0,0,0,0,0,0,0,0,0,1,4,1,10-13 years,pre,dhule
Girl,7,12,1,3,1,1,1,3,3,3,3,2,0,0,0,0,0,2,1,6,2,0,1,0,0,0,1,0,0,0,0,1,1,4,1,1,1,0,1,1,0,0,0,0,0,0,0,1,1,1,10-13 years,pre,dhule
Girl,7,13,1,3,1,1,3,3,3,1,3,2,3,3,3,3,3,3,1,2,2,1,1,2,1,8,1,2,3,3,3,1,2,1,1,1,1,0,1,0,0,1,1,1,0,0,0,2,4,1,10-13 years,pre,dhule
Girl,7,12,1,3,1,3,3,3,3,1,3,2,3,3,3,3,3,3,1,6,6,1,1,6,3,2,1,1,2,1,1,3,2,4,1,1,1,0,1,1,1,0,1,0,0,0,1,2,4,,10-13 years,pre,dhule
Girl,8,12,1,3,3,1,1,3,3,1,3,3,3,3,1,3,3,2,3,6,8,8,1,6,2,4,3,3,1,3,3,3,3,4,1,1,1,0,1,1,0,1,0,1,0,1,1,1,1,1,10-13 years,pre,dhule
Girl,9,,1,3,3,3,3,3,3,3,3,2,3,3,3,3,3,4,3,2,2,1,8,2,2,8,0,0,0,0,0,0,0,4,1,1,1,1,1,1,0,0,0,0,0,0,0,1,1,1,,pre,dhule
Girl,10,16,1,3,0,0,0,0,0,0,0,0,1,0,0,2,0,2,3,2,0,0,0,0,0,0,1,0,0,0,0,2,0,4,1,0,0,0,0,0,1,0,0,0,0,0,0,1,1,1,14-17 years,pre,dhule
Boy,10,,1,3,2,3,3,3,3,3,3,2,3,3,3,3,3,4,3,2,2,5,4,7,1,1,3,1,0,2,3,3,2,4,1,1,1,0,0,1,1,1,1,1,1,0,0,1,5,1,,pre,dhule
Boy,10,16,1,1,1,1,1,1,1,1,0,0,0,2,0,0,0,4,2,2,2,1,8,2,1,1,0,1,0,1,0,1,0,0,1,1,0,0,1,1,1,0,0,0,1,0,0,1,4,1,14-17 years,pre,dhule
Girl,10,15,1,3,0,3,3,3,0,0,3,3,3,3,3,3,1,2,3,6,4,7,2,2,8,8,3,1,0,0,3,3,0,4,1,1,1,0,1,1,1,0,1,1,1,1,1,1,1,0,14-17 years,pre,dhule
Girl,10,16,1,2,2,1,1,1,2,1,2,2,1,2,2,2,1,4,1,2,2,1,1,2,1,1,1,1,2,2,1,2,2,4,,1,1,1,0,0,1,1,0,0,1,1,0,1,1,1,14-17 years,pre,dhule
Girl,10,16,1,3,2,3,3,1,3,3,2,2,1,3,3,3,1,2,1,2,2,7,5,7,8,4,3,1,0,0,3,3,0,4,1,1,1,0,1,1,1,0,1,1,1,0,0,1,1,1,14-17 years,pre,dhule
Girl,10,16,1,3,3,3,3,3,3,3,3,3,3,3,3,3,3,4,3,3,3,1,1,3,8,8,2,1,2,0,0,1,2,4,0,0,1,0,0,1,1,0,1,1,1,0,0,0,1,1,14-17 years,pre,dhule
Boy,10,15,1,3,2,1,1,1,1,1,3,2,1,1,2,3,1,2,1,2,2,5,8,2,8,5,0,0,0,0,0,0,0,0,0,0,0,0,0,0,0,0,0,0,0,0,0,0,0,2,14-17 years,pre,dhule
,10,14,1,3,3,1,1,1,3,3,3,3,3,3,3,3,3,4,0,2,2,1,3,6,0,1,3,1,2,2,1,3,2,4,0,0,0,0,0,0,0,1,0,1,0,1,1,1,,2,14-17 years,pre,dhule
Girl,10,,0,3,3,1,0,1,3,1,3,3,3,2,2,3,2,6,3,6,2,1,2,2,8,1,3,1,2,3,2,3,2,4,1,1,1,0,1,1,1,1,1,0,1,0,0,2,0,1,,pre,dhule
Boy,10,15,1,3,3,3,1,3,2,1,3,2,1,1,2,3,3,4,3,3,2,5,2,4,4,4,0,3,0,0,0,0,0,4,1,1,1,0,1,0,0,0,0,1,0,0,1,1,6,1,14-17 years,pre,dhule
Boy,10,15,1,3,3,3,3,1,3,1,3,2,3,1,3,3,1,2,2,5,2,4,8,8,8,3,2,1,1,2,2,3,3,4,0,0,1,0,1,1,1,1,0,1,1,0,0,1,3,1,14-17 years,pre,dhule
,10,16,0,3,0,0,0,0,0,0,3,0,0,0,0,0,0,2,4,2,2,1,3,3,1,4,1,1,1,1,1,1,1,4,1,0,0,0,0,0,1,0,1,1,1,0,0,1,7,0,14-17 years,pre,dhule
,10,16,0,1,0,0,0,0,0,0,2,0,0,0,0,0,0,2,3,2,2,1,3,5,1,1,1,1,1,1,1,1,1,4,1,0,0,0,0,0,1,0,1,1,1,0,0,1,7,1,14-17 years,pre,dhule
Boy,10,15,1,3,3,3,1,1,3,3,3,2,3,1,3,3,1,4,1,6,2,5,2,2,8,8,1,1,2,2,2,3,2,4,0,0,0,0,0,0,1,1,0,1,0,0,0,1,1,1,14-17 years,pre,dhule
,10,15,0,3,3,1,1,1,3,1,3,2,3,3,3,3,3,2,1,2,2,1,1,3,1,8,1,1,1,1,1,1,1,4,0,0,0,0,0,0,0,0,0,0,0,0,0,0,0,0,14-17 years,pre,dhule
Girl,8,13,1,1,0,0,1,0,1,0,2,2,1,1,2,2,2,4,3,2,8,2,8,8,4,6,3,1,2,3,3,2,1,1,1,1,1,0,0,0,1,0,1,1,0,0,0,1,5,1,10-13 years,pre,dhule
Girl,8,13,1,1,1,1,0,0,0,0,2,1,2,1,3,1,1,2,1,1,1,1,2,1,2,6,1,1,1,0,3,2,2,4,1,1,0,0,0,0,1,0,0,1,1,0,0,1,5,1,10-13 years,pre,dhule
Boy,8,13,1,0,0,1,1,1,0,1,1,2,1,3,1,3,1,4,3,2,2,2,1,2,1,7,2,1,2,2,2,1,2,4,1,1,0,1,1,0,1,0,1,1,0,0,0,1,5,1,10-13 years,pre,dhule
Girl,8,13,1,0,2,3,0,3,3,0,3,2,3,0,1,3,1,4,3,6,2,1,1,6,0,1,2,3,0,0,3,3,0,4,1,0,0,1,0,0,1,0,1,0,1,0,0,1,1,1,10-13 years,pre,dhule
,8,13,0,3,2,3,1,3,3,3,3,3,3,1,3,3,3,2,3,6,2,1,1,2,8,1,2,3,0,3,3,3,2,4,1,0,0,0,1,0,1,0,1,0,1,0,0,1,1,1,10-13 years,pre,dhule
Girl,8,13,1,0,2,3,0,3,3,0,3,2,3,0,1,3,1,4,3,6,2,1,1,6,0,1,2,3,0,0,3,3,2,4,1,1,0,0,0,0,1,1,1,1,1,0,0,1,1,1,10-13 years,pre,dhule
Girl,8,14,1,3,2,2,0,3,3,0,3,3,3,0,1,2,1,2,3,6,,0,1,6,0,0,2,3,0,0,3,3,2,4,1,1,0,0,1,1,1,1,1,1,1,0,0,1,1,1,14-17 years,pre,dhule
Girl,10,16,1,3,3,1,3,3,3,3,3,2,3,2,3,3,0,4,0,0,4,1,1,4,0,0,3,3,3,1,3,3,3,4,1,1,1,0,0,1,0,0,0,0,0,0,0,0,0,,14-17 years,pre,dhule
Boy,,,0,3,3,3,3,3,3,3,3,3,3,3,3,3,3,4,4,8,2,8,1,8,8,8,1,1,2,2,1,3,2,4,1,1,1,0,1,1,1,1,1,1,1,0,0,1,1,1,,pre,dhule
Girl,9,15,1,3,2,3,3,3,2,3,3,3,3,3,3,3,3,7,4,7,7,4,4,4,4,4,3,3,3,3,3,3,3,4,1,1,1,1,1,1,1,1,1,1,1,1,1,1,7,1,14-17 years,pre,dhule
Girl,9,,1,3,3,3,3,3,3,3,2,2,1,2,0,3,3,7,4,8,2,8,1,2,8,1,3,3,3,1,3,3,3,4,1,1,1,0,1,1,1,1,0,1,,1,1,1,4,1,,pre,dhule
Girl,10,15,1,3,2,1,3,3,3,3,3,2,3,1,3,3,3,2,3,2,2,1,2,2,8,1,2,1,2,2,1,1,2,4,1,1,1,0,1,1,0,0,0,1,1,1,1,1,2,1,14-17 years,pre,dhule
Boy,9,15,0,3,3,3,3,3,2,3,3,2,3,3,3,3,3,6,1,4,4,7,0,0,0,0,3,3,0,2,0,0,0,3,1,1,1,0,0,1,1,1,1,1,1,1,0,1,0,1,14-17 years,pre,dhule
Boy,9,14,0,3,3,3,3,3,3,3,3,3,3,3,3,3,3,4,3,2,2,5,5,7,8,5,1,1,3,0,3,3,2,0,1,0,1,1,0,1,1,1,0,1,1,1,0,1,1,1,14-17 years,pre,dhule
Boy,9,14,1,3,3,3,3,3,3,3,3,3,3,3,3,3,3,4,4,8,2,8,1,8,8,8,1,1,2,2,1,3,2,4,1,1,1,0,1,1,0,0,0,0,0,0,1,1,0,1,14-17 years,pre,dhule
Girl,10,14,1,3,2,3,3,3,3,3,3,3,3,3,3,3,3,2,3,4,4,4,8,4,8,8,0,0,0,0,0,0,0,4,1,0,0,0,1,0,1,1,1,1,1,1,0,1,0,1,14-17 years,pre,dhule
Girl,10,15,1,3,3,3,3,3,3,3,3,3,3,3,3,3,3,2,1,2,2,1,1,4,1,1,3,3,3,3,3,3,3,4,0,0,1,0,0,0,1,1,1,1,1,1,0,1,1,1,14-17 years,pre,dhule
Girl,10,15,1,3,3,3,1,3,3,3,3,2,3,3,3,3,3,2,1,6,6,5,6,1,8,2,2,1,2,2,2,1,2,4,1,1,1,0,1,1,0,1,0,0,0,1,1,1,6,1,14-17 years,pre,dhule
Girl,10,15,2,3,3,3,3,3,3,3,3,3,3,3,3,3,3,2,3,3,7,7,8,7,8,8,2,1,2,2,3,3,2,4,1,1,1,0,1,1,1,1,1,1,1,0,0,1,4,1,14-17 years,pre,dhule
Girl,10,14,1,3,3,3,3,1,2,3,3,3,3,3,2,3,1,2,3,8,7,8,8,4,8,1,0,3,0,0,3,3,0,4,1,1,1,0,0,0,1,1,1,0,1,0,0,1,0,1,14-17 years,pre,dhule
Girl,10,15,1,3,0,3,3,3,3,3,3,2,3,3,3,3,3,2,3,6,4,4,8,4,1,4,2,3,0,1,3,3,0,4,1,1,1,0,1,1,1,1,1,1,1,1,0,1,6,1,14-17 years,pre,dhule
Girl,10,15,1,3,2,1,1,3,3,3,1,2,3,1,2,3,1,2,2,2,2,1,8,6,8,1,2,2,2,2,2,2,2,4,1,1,0,0,1,0,1,0,1,1,1,0,0,1,4,1,14-17 years,pre,dhule
Boy,8,12,1,3,0,3,3,3,3,3,3,3,3,3,3,3,3,4,3,4,7,4,7,4,8,8,3,3,3,3,3,3,3,4,1,1,1,0,1,1,1,1,1,1,1,0,0,1,1,1,10-13 years,pre,dhule
,8,13,1,3,0,3,3,3,3,3,3,3,3,3,3,3,3,2,3,7,7,5,7,4,8,5,3,3,3,3,3,3,0,4,1,1,1,0,0,1,1,1,1,1,1,0,0,1,1,1,10-13 years,pre,dhule
Boy,7,13,1,3,0,1,0,3,3,3,3,3,1,3,2,3,1,2,3,2,2,1,1,6,8,1,3,1,2,3,3,3,3,4,0,0,0,0,0,0,0,0,0,0,0,0,0,1,7,1,10-13 years,pre,dhule
,9,14,0,3,0,3,0,0,3,0,0,0,1,0,0,0,0,4,1,2,2,1,3,2,1,1,0,0,2,0,1,0,0,4,0,0,0,0,1,0,1,0,0,0,1,0,0,1,6,0,14-17 years,pre,dhule
Boy,9,13,1,3,2,3,3,1,3,3,3,2,1,3,1,3,1,2,4,2,2,1,3,2,1,1,1,3,2,2,1,1,2,4,1,1,1,0,1,1,1,0,0,1,1,0,1,2,5,1,10-13 years,pre,dhule
,10,15,0,3,2,1,1,3,3,3,3,2,3,3,3,3,1,2,3,2,2,5,4,6,1,1,3,3,2,2,1,3,2,4,1,1,1,0,0,1,1,1,1,1,1,0,0,1,6,1,14-17 years,pre,dhule
Boy,10,14,1,3,2,3,3,1,1,1,1,2,1,1,2,2,1,3,2,2,2,1,1,2,1,3,2,1,2,1,2,2,2,4,0,0,1,0,0,0,1,1,1,0,1,0,0,1,2,1,14-17 years,pre,dhule
Girl,10,15,1,3,0,0,0,0,0,0,3,0,0,0,0,0,0,2,3,2,2,5,6,1,8,1,0,0,0,0,0,2,0,4,1,0,0,0,0,0,1,0,0,0,1,0,0,1,1,1,14-17 years,pre,dhule
Girl,10,15,1,0,0,3,0,0,0,0,0,0,3,0,0,0,0,2,3,2,2,1,1,3,1,8,1,0,0,0,0,2,0,4,1,0,0,0,0,0,1,0,0,0,1,0,0,1,1,1,14-17 years,pre,dhule
Girl,9,14,0,2,0,0,0,0,0,0,0,2,0,0,0,0,0,2,4,0,2,0,0,0,0,0,2,0,0,0,0,0,0,4,1,0,0,0,0,0,0,0,0,0,0,0,1,1,4,1,14-17 years,pre,dhule
Girl,9,14,0,2,0,0,0,0,0,0,2,0,0,0,0,0,0,2,3,0,2,0,0,0,0,0,2,0,0,0,0,0,0,0,1,0,0,0,0,0,0,0,0,1,0,0,0,1,4,1,14-17 years,pre,dhule
Girl,10,15,0,3,0,3,3,0,3,0,3,2,1,1,3,3,1,2,3,6,6,1,8,6,8,1,0,1,2,1,3,3,0,4,1,1,1,0,0,1,1,1,1,1,1,0,0,1,1,1,14-17 years,pre,dhule
Girl,10,16,0,3,0,3,3,0,3,0,3,2,1,1,3,3,1,2,3,6,6,1,8,6,8,1,0,1,2,1,3,3,2,4,1,1,1,0,0,1,1,1,1,1,1,0,0,1,1,1,14-17 years,pre,dhule
Girl,9,15,1,3,2,3,3,3,3,3,3,3,3,3,2,3,3,2,1,6,6,1,4,6,4,4,3,3,3,3,3,3,2,4,1,1,1,1,1,1,1,1,1,1,1,1,0,1,1,1,14-17 years,pre,dhule
Girl,9,16,1,3,3,3,3,3,3,3,3,2,3,1,3,3,3,2,3,6,6,1,4,6,8,5,1,1,2,3,3,3,3,4,1,1,1,1,1,1,1,1,1,1,1,1,0,1,1,1,14-17 years,pre,dhule
Boy,10,15,1,3,3,3,3,3,3,3,3,3,3,3,3,3,3,2,3,2,2,1,7,7,1,1,3,3,2,3,3,3,2,4,1,1,1,0,1,1,1,1,1,1,1,1,0,1,,,14-17 years,pre,dhule
Boy,10,16,1,3,3,3,1,3,3,1,3,2,3,3,3,3,3,4,3,2,2,5,5,2,8,5,3,3,0,0,0,1,2,4,1,0,1,0,0,0,0,0,0,0,0,1,1,1,1,1,14-17 years,pre,dhule
Boy,9,14,1,3,2,3,3,3,3,3,3,2,3,3,3,3,1,4,1,2,2,5,4,4,5,4,3,1,0,2,1,3,2,4,1,1,1,0,0,0,1,1,1,1,1,0,0,1,1,1,14-17 years,pre,dhule
,9,14,1,3,3,3,3,3,3,3,3,2,3,3,3,3,1,4,1,2,2,5,4,4,5,4,3,1,0,2,1,3,2,4,1,1,1,0,0,0,1,1,1,1,1,0,0,1,1,1,14-17 years,pre,dhule
Girl,7,12,2,3,2,1,3,1,2,1,3,2,1,3,3,3,3,4,3,6,2,1,2,4,1,8,2,3,0,2,1,1,2,4,1,1,1,0,0,0,1,1,1,1,1,0,0,1,6,1,10-13 years,pre,dhule
,7,12,2,3,2,1,3,3,2,3,3,2,1,3,3,3,3,2,3,6,2,1,2,4,0,8,2,1,2,0,1,2,0,4,1,1,1,0,1,1,1,1,1,1,1,0,0,1,6,1,10-13 years,pre,dhule
Girl,7,12,2,3,2,1,3,3,2,1,3,2,1,3,3,3,3,2,3,6,2,1,2,4,1,8,2,3,0,2,1,1,2,4,1,1,1,0,0,0,1,1,1,1,1,0,0,1,6,1,10-13 years,pre,dhule
Girl,7,11,2,3,2,3,0,1,3,0,0,2,1,2,0,2,1,2,3,6,2,1,1,6,8,8,2,1,2,0,0,0,0,4,1,1,1,1,1,1,1,1,1,1,1,0,0,1,1,0,10-13 years,pre,dhule
Girl,8,13,1,1,1,0,1,1,0,0,3,2,1,1,3,3,3,4,3,6,2,2,0,0,1,0,2,1,2,1,1,1,2,4,1,1,0,1,0,0,0,1,1,1,0,0,0,1,5,1,10-13 years,pre,dhule
Girl,8,13,1,1,1,0,1,0,0,1,1,2,1,3,1,3,1,4,3,2,2,8,8,2,8,5,1,1,2,2,1,1,2,4,1,1,1,0,1,0,1,1,1,0,1,0,0,1,5,1,10-13 years,pre,dhule
Boy,8,13,1,0,0,1,1,1,1,1,1,2,1,1,3,3,1,2,3,2,8,2,1,2,8,5,2,1,2,2,2,1,2,4,1,0,1,0,1,1,1,1,1,1,1,0,0,1,7,1,10-13 years,pre,dhule
Boy,8,13,1,0,0,1,0,1,1,0,1,2,1,1,1,3,1,2,3,2,8,2,2,8,2,5,1,1,2,2,2,1,2,4,0,0,1,0,0,1,1,1,1,1,1,0,0,1,5,1,10-13 years,pre,dhule
Boy,9,14,1,3,3,3,1,3,3,3,3,2,1,3,3,3,3,6,3,4,4,4,4,4,8,4,3,3,0,0,3,3,0,4,1,1,1,0,1,1,0,0,1,1,1,0,0,1,1,1,14-17 years,pre,dhule
,8,11,0,1,0,1,0,1,0,1,3,2,1,1,3,3,3,4,3,2,2,0,1,2,8,4,0,3,0,3,0,0,0,0,1,1,0,1,0,1,1,0,,1,0,1,1,0,0,1,10-13 years,pre,dhule
,8,14,2,1,0,0,0,1,1,0,3,2,1,3,2,3,3,4,3,6,2,5,7,6,8,4,3,3,3,3,3,3,0,0,1,1,0,0,0,0,0,0,0,0,0,0,0,0,0,2,14-17 years,pre,dhule
,8,14,0,1,0,1,0,1,0,1,3,2,1,3,2,3,3,4,3,6,2,5,8,2,8,4,3,3,3,3,3,3,3,0,0,0,0,0,0,0,0,0,0,0,0,0,0,0,0,1,14-17 years,pre,dhule
,7,,0,0,0,0,0,0,0,0,3,3,3,3,3,3,3,2,3,7,6,7,4,4,8,4,0,3,0,0,0,0,0,4,1,1,1,1,1,1,1,1,1,1,0,1,1,1,1,1,,pre,dhule
Girl,7,11,1,3,3,3,3,3,3,3,3,3,3,3,3,3,3,4,3,4,4,4,4,4,4,4,3,3,0,0,3,3,0,4,1,1,1,0,1,1,1,0,1,1,1,1,0,1,1,1,10-13 years,pre,dhule
,8,12,1,3,3,3,3,3,3,3,3,3,3,3,3,3,3,2,3,2,2,1,4,4,8,8,3,3,2,2,3,3,2,4,1,1,1,1,1,1,1,0,1,1,1,0,0,1,4,1,10-13 years,pre,dhule
Girl,8,13,0,3,3,3,3,3,3,3,3,2,1,3,3,3,3,2,3,6,6,7,7,4,8,4,2,3,0,2,3,2,2,4,0,0,0,0,0,0,1,0,1,1,1,0,0,1,1,1,10-13 years,pre,dhule
,,,,,,,,,,,,,,,,,,,,,,,,,,,,,,,,,,,,,,,,,,,,,,,,,,,,pre,dhule
Girl,8,13,1,3,2,1,1,3,3,1,3,2,1,3,3,3,3,4,2,3,2,1,1,6,8,1,2,1,2,2,3,1,2,4,1,1,1,1,1,1,1,0,1,1,1,0,0,1,1,1,10-13 years,pre,dhule
Girl,8,13,1,3,1,2,2,3,3,2,3,2,3,3,3,3,3,4,3,6,6,1,8,6,8,8,3,1,2,1,1,3,2,4,1,1,1,1,1,1,1,1,1,1,1,0,0,1,2,1,10-13 years,pre,dhule
Girl,8,13,1,3,2,3,3,3,3,1,3,2,3,3,3,3,3,4,3,6,6,8,4,4,8,8,3,1,2,2,3,3,2,4,1,1,1,1,1,1,1,1,1,1,1,0,0,1,1,1,10-13 years,pre,dhule
Girl,8,13,1,3,2,3,3,3,2,1,3,3,3,2,3,3,3,4,3,6,6,8,4,6,8,4,3,1,2,2,3,3,2,4,1,1,1,1,1,1,1,1,1,1,1,0,0,1,1,1,10-13 years,pre,dhule
Girl,7,12,1,3,3,2,2,3,3,2,3,2,1,3,1,3,1,1,2,2,2,1,2,3,2,1,0,1,2,2,1,1,2,4,1,1,1,1,1,1,0,0,1,1,1,0,0,1,1,1,10-13 years,pre,dhule
Girl,7,12,1,3,3,3,3,3,3,3,1,0,0,0,0,0,0,2,0,2,0,0,0,0,0,0,0,0,0,0,0,0,0,0,1,1,1,1,1,1,,1,1,1,1,1,1,1,1,1,10-13 years,pre,dhule
Girl,7,12,1,3,3,3,3,3,3,3,3,2,3,3,3,3,3,,,6,6,7,4,4,7,1,3,1,3,3,3,3,2,4,1,1,1,1,1,1,1,0,1,1,1,0,0,1,1,1,10-13 years,pre,dhule
Girl,7,12,1,3,2,3,1,3,3,1,3,2,3,3,3,3,3,2,3,6,6,1,8,4,1,1,3,1,3,3,3,3,2,4,1,1,1,1,1,1,1,0,1,1,1,0,0,1,1,1,10-13 years,pre,dhule
Boy,6,13,1,3,2,1,1,1,1,1,3,3,1,3,3,3,1,2,3,2,2,1,1,2,1,1,3,1,2,2,1,2,2,4,1,1,1,0,0,1,1,0,0,0,1,0,1,1,1,1,10-13 years,pre,dhule
Boy,6,13,1,3,2,1,1,1,1,1,3,2,1,1,1,3,1,3,2,2,2,1,8,2,1,1,3,1,2,2,1,1,2,4,1,1,1,0,1,0,,0,0,0,0,0,0,1,1,1,10-13 years,pre,dhule
Girl,8,12,1,2,3,1,1,3,2,3,3,3,1,1,3,3,1,7,1,6,6,1,7,6,1,4,3,1,2,3,3,2,2,4,1,1,1,0,1,1,1,0,1,0,0,1,1,1,1,1,10-13 years,pre,dhule
Boy,9,14,1,3,2,1,3,1,3,1,3,2,1,1,1,3,1,2,3,6,2,5,8,2,1,5,3,1,2,3,3,2,2,4,1,1,1,0,1,0,1,0,1,1,1,0,0,1,1,1,14-17 years,pre,dhule
Girl,9,15,2,3,2,3,1,1,2,3,3,2,1,1,3,3,3,4,3,6,6,1,8,6,8,8,3,1,2,2,3,2,2,4,1,1,0,0,0,1,1,0,1,1,1,0,0,1,1,1,14-17 years,pre,dhule
Girl,8,13,1,3,2,1,1,1,2,2,3,3,2,2,1,3,0,2,2,2,2,1,1,2,1,1,3,1,0,2,3,0,2,4,1,1,1,0,0,1,0,0,1,0,0,0,1,1,1,1,10-13 years,pre,dhule
Girl,10,16,1,3,3,1,3,3,3,1,3,2,3,3,1,3,3,2,3,7,4,5,1,7,1,4,3,1,0,3,3,3,2,4,1,1,1,0,0,1,1,0,1,1,1,0,0,1,5,1,14-17 years,pre,dhule
,10,16,1,3,1,3,3,3,3,3,3,3,3,3,3,3,3,2,3,6,6,1,4,4,8,4,2,1,3,1,3,3,2,4,1,1,1,0,1,1,1,0,1,1,1,0,0,1,7,1,14-17 years,pre,dhule
Girl,10,16,1,3,3,1,3,3,3,1,3,2,3,3,1,3,3,2,3,7,4,5,1,7,1,4,3,1,0,3,3,3,2,4,1,1,1,0,0,1,1,0,1,1,1,0,0,1,5,1,14-17 years,pre,dhule
Girl,10,15,1,3,3,3,3,3,3,3,3,3,3,3,3,3,3,2,3,6,6,1,4,4,8,4,3,1,2,2,3,1,2,4,1,1,1,0,1,0,1,0,1,1,1,0,0,1,7,1,14-17 years,pre,dhule
Girl,10,15,1,3,3,3,3,3,3,3,3,3,3,3,3,3,3,6,3,6,6,4,4,4,8,4,3,1,2,2,3,1,2,4,1,1,1,0,1,0,1,0,1,1,1,0,0,0,7,1,14-17 years,pre,dhule
Girl,10,15,1,3,3,3,3,3,3,3,3,3,3,3,3,3,3,2,3,2,4,4,4,2,0,0,3,1,2,2,3,3,2,4,1,1,1,0,1,1,1,1,1,1,1,1,1,1,3,1,14-17 years,pre,dhule
,10,15,1,3,3,3,3,3,3,3,3,3,3,3,3,3,3,6,3,2,4,4,4,2,8,4,3,1,3,2,3,3,2,4,1,1,1,0,1,1,1,1,1,1,1,1,1,1,7,1,14-17 years,pre,dhule
Girl,10,16,1,3,3,3,3,3,3,3,3,2,3,3,1,3,1,2,3,6,6,1,5,7,1,7,3,1,0,3,3,3,2,4,1,1,1,0,0,1,1,0,1,1,1,0,0,1,7,1,14-17 years,pre,dhule
Girl,9,15,1,3,3,3,3,3,3,3,3,3,3,3,3,3,3,4,4,4,4,4,4,4,4,8,3,3,3,2,3,1,2,4,1,1,1,0,1,1,1,0,1,1,1,0,0,1,6,1,14-17 years,pre,dhule
Girl,9,15,1,3,3,3,3,3,3,3,3,3,3,3,3,3,3,4,3,4,4,4,4,4,4,8,3,3,3,2,3,3,0,4,1,1,1,0,1,1,1,1,1,1,1,0,0,1,6,1,14-17 years,pre,dhule
Girl,9,16,1,3,3,3,3,3,3,3,3,2,3,3,3,3,3,4,3,6,6,1,4,4,1,1,2,1,0,2,3,3,2,0,1,1,1,0,0,1,1,0,1,1,1,0,0,1,7,0,14-17 years,pre,dhule
Girl,9,14,1,3,2,3,3,3,3,3,3,2,1,3,2,3,3,4,3,6,6,1,2,6,1,8,1,1,2,2,3,1,2,4,1,1,1,1,1,0,1,0,1,0,1,0,0,1,1,1,14-17 years,pre,dhule
,10,15,1,3,2,3,3,3,3,3,3,2,3,3,3,3,3,4,3,3,2,1,3,3,8,8,3,3,1,2,3,3,2,4,1,1,1,0,0,1,1,1,0,1,1,0,0,1,0,1,14-17 years,pre,dhule
Boy,10,16,1,1,1,1,1,1,1,1,1,0,1,0,0,0,0,2,3,2,2,1,1,2,1,1,1,1,2,2,1,2,1,4,1,1,1,0,1,1,1,1,0,1,1,1,1,1,0,1,14-17 years,pre,dhule
,10,15,0,3,2,3,3,3,1,3,3,3,3,3,3,3,3,2,3,8,2,1,4,4,1,1,2,3,2,2,2,1,2,4,1,1,1,0,0,1,1,1,0,0,1,0,0,1,1,1,14-17 years,pre,dhule
Girl,9,14,1,3,2,3,1,1,3,3,3,3,3,3,3,3,3,2,3,6,6,5,4,4,8,4,2,1,2,2,2,2,2,4,1,1,1,1,1,1,1,1,0,1,1,0,1,1,4,1,14-17 years,pre,dhule
Girl,9,14,1,3,3,3,3,3,3,3,3,3,1,3,1,3,1,2,3,6,6,1,4,6,1,5,0,1,2,3,3,3,2,4,1,1,1,0,1,1,1,1,1,1,1,0,0,1,4,1,14-17 years,pre,dhule
Girl,10,16,0,2,3,1,2,1,2,1,3,1,2,2,3,3,2,2,3,6,2,1,5,6,1,8,2,1,0,2,2,3,2,4,0,0,1,0,0,1,1,0,1,0,1,0,1,1,7,1,14-17 years,pre,dhule
Girl,10,15,0,3,2,3,3,3,1,3,3,2,3,3,3,3,1,2,4,2,2,1,1,3,1,1,2,3,0,3,0,3,0,4,1,1,1,0,1,1,1,0,1,1,1,0,0,1,1,1,14-17 years,pre,dhule
Girl,10,15,1,2,3,1,3,3,1,3,3,2,3,1,2,3,1,2,3,2,2,7,8,4,8,8,2,3,0,3,2,2,2,4,1,1,1,0,1,1,1,1,0,0,1,0,0,1,1,1,14-17 years,pre,dhule
Girl,8,14,1,3,2,3,3,3,2,3,3,2,3,3,2,3,3,2,3,6,6,1,7,6,8,7,3,1,2,0,3,3,2,4,1,1,1,0,1,1,1,1,1,1,1,1,0,1,5,1,14-17 years,pre,dhule
Girl,10,,1,3,0,0,0,0,0,0,3,2,0,0,0,3,0,7,1,3,3,0,0,0,0,0,0,2,0,0,2,0,0,4,1,1,0,0,0,1,1,0,0,1,1,0,0,1,0,2,,pre,dhule
Girl,9,15,1,3,3,3,3,3,3,0,3,2,1,1,1,2,1,2,3,2,2,1,1,2,1,1,2,1,2,0,1,1,2,0,1,1,0,0,1,0,0,0,0,0,0,0,0,1,,,14-17 years,pre,dhule
,9,15,1,3,2,3,3,3,3,3,3,0,3,0,0,0,0,4,3,3,2,1,1,6,1,1,0,0,0,0,3,0,0,4,1,0,0,0,0,0,1,1,1,0,0,0,0,1,1,1,14-17 years,pre,dhule
Girl,10,15,1,3,3,3,3,3,3,3,3,2,3,3,3,3,3,2,1,6,6,1,8,6,1,1,1,3,0,2,1,2,3,4,1,0,1,0,0,1,1,0,1,1,1,0,0,1,1,1,14-17 years,pre,dhule
Girl,10,15,1,3,3,3,3,3,3,3,3,2,3,3,3,3,3,2,1,2,2,1,8,2,1,1,1,3,0,2,1,2,3,4,1,1,1,0,1,1,1,0,1,1,1,0,0,1,1,1,14-17 years,pre,dhule
Girl,10,16,0,2,0,0,0,2,0,2,2,2,0,0,0,2,2,2,2,2,2,0,0,2,2,0,0,0,0,0,0,0,0,4,1,1,0,0,1,0,0,1,1,1,1,0,0,1,,1,14-17 years,pre,dhule
Girl,10,16,1,3,3,3,3,3,3,3,1,2,3,3,3,3,1,2,3,6,6,8,8,4,7,7,2,1,2,2,3,3,2,4,1,1,1,0,1,1,1,1,1,1,1,0,0,1,1,1,14-17 years,pre,dhule
Girl,10,15,1,3,3,3,3,3,3,1,3,3,3,3,3,3,1,7,3,6,4,7,8,7,8,4,3,3,1,0,3,3,3,4,1,1,1,1,1,1,0,1,0,0,0,0,1,1,1,1,14-17 years,pre,dhule
Girl,10,16,1,3,0,3,3,3,3,3,3,2,3,3,3,3,2,2,1,6,2,1,4,6,8,4,2,1,2,1,3,3,0,4,1,1,1,0,1,1,1,1,1,1,1,0,0,1,1,1,14-17 years,pre,dhule
Girl,10,,1,3,0,3,3,3,3,3,3,2,3,3,3,3,3,2,1,6,2,1,4,6,4,4,2,1,2,1,3,3,0,4,1,1,1,0,1,1,1,1,1,1,1,0,0,1,1,1,,pre,dhule
Girl,10,16,1,2,2,2,2,2,2,2,2,2,3,3,1,2,1,2,3,4,4,4,4,4,8,7,2,1,2,2,2,3,2,4,1,1,1,0,1,1,1,1,1,1,1,0,0,1,1,1,14-17 years,pre,dhule
Boy,9,14,1,3,3,3,3,3,3,3,3,3,3,3,3,3,3,4,3,6,1,5,8,3,8,2,1,1,2,1,3,2,2,4,0,1,0,0,0,1,1,1,1,1,1,0,0,1,2,1,14-17 years,pre,dhule
Boy,9,14,1,3,3,3,3,3,3,3,3,3,3,3,3,3,3,3,3,6,6,5,4,7,7,7,1,1,2,2,1,1,2,1,0,1,0,0,0,0,1,0,1,1,1,0,0,1,1,1,14-17 years,pre,dhule
Boy,10,16,1,3,3,3,3,3,3,3,3,3,3,3,3,3,3,2,3,8,5,8,7,7,1,6,1,1,2,2,1,1,2,4,0,1,0,0,1,1,1,0,1,1,1,0,0,1,2,1,14-17 years,pre,dhule
Boy,10,15,1,3,3,3,3,3,3,3,3,3,2,2,2,2,3,4,4,2,2,1,1,2,2,1,1,1,1,2,1,1,2,1,0,0,0,0,0,0,0,0,0,0,0,0,0,1,3,1,14-17 years,pre,dhule
Boy,9,14,1,3,3,3,3,3,3,3,3,3,3,3,3,3,3,7,3,7,6,5,5,7,5,1,1,3,3,2,1,1,2,4,1,1,1,0,0,0,1,0,1,1,1,0,0,1,2,1,14-17 years,pre,dhule
Boy,10,17,1,3,3,3,3,3,3,3,3,3,3,3,3,3,3,7,3,4,5,5,1,5,7,1,1,1,2,2,1,1,2,4,0,0,0,0,0,0,1,0,1,1,1,0,0,1,2,1,14-17 years,pre,dhule
Boy,9,14,1,3,3,3,3,3,3,3,3,2,3,3,3,3,3,2,3,6,7,5,1,5,1,1,2,3,2,2,2,1,2,4,1,1,1,0,0,0,1,0,1,1,1,0,0,1,3,1,14-17 years,pre,dhule
Boy,9,14,1,3,3,3,3,3,3,3,3,3,3,3,3,3,3,2,3,4,2,7,1,7,3,7,2,2,1,1,3,3,2,4,1,1,1,1,1,1,1,0,1,1,1,0,0,0,0,1,14-17 years,pre,dhule
,,,1,1,2,1,0,1,2,0,1,0,1,1,0,2,0,2,3,2,2,1,0,3,1,1,0,0,0,0,0,0,0,1,0,0,1,0,0,0,0,0,1,0,0,0,0,1,0,2,,pre,dhule
,,,1,1,1,2,1,2,1,2,2,2,2,1,1,1,2,2,3,0,0,0,0,0,0,0,1,1,1,2,2,1,2,1,1,1,1,0,1,1,1,1,1,1,1,0,1,1,2,1,,pre,dhule
,6,,0,0,0,0,0,0,0,0,0,2,1,0,1,2,1,2,4,2,0,0,8,0,3,1,0,0,2,0,1,0,2,0,0,0,0,0,0,0,0,0,0,0,0,0,0,2,6,0,,pre,dhule
,6,,1,1,2,1,2,3,1,2,2,1,2,1,2,2,1,2,3,2,1,3,2,1,1,3,0,0,0,0,0,0,0,4,1,1,0,1,0,1,1,0,1,1,1,1,1,2,6,2,,pre,dhule
,,,0,2,2,2,2,2,2,0,2,2,2,2,0,2,2,2,3,6,6,1,7,7,8,1,0,0,0,0,0,0,0,4,1,1,1,0,0,1,1,1,1,1,1,1,0,1,0,1,,pre,dhule
,8,14,1,3,2,1,3,1,3,3,3,3,3,3,3,3,3,2,3,7,2,1,8,6,8,1,2,1,1,1,2,1,2,4,1,0,0,0,1,0,0,0,0,0,1,0,0,1,1,1,14-17 years,pre,dhule
,,,0,2,2,2,2,2,2,2,2,2,2,2,2,2,2,2,3,6,6,1,7,7,8,1,0,0,0,0,0,0,0,4,1,1,1,0,0,1,1,1,1,1,1,1,0,1,0,0,,pre,dhule
Girl,10,15,1,3,2,3,3,3,3,3,3,2,1,3,2,3,1,4,2,2,2,1,1,2,2,2,2,1,1,1,2,2,2,4,1,1,1,0,0,1,1,0,1,1,1,0,0,1,1,1,14-17 years,pre,dhule
,9,15,1,3,1,3,3,3,3,0,3,2,3,3,1,3,3,4,3,4,7,8,4,7,4,8,3,3,0,0,3,3,0,4,1,1,1,0,1,1,1,0,1,0,1,0,1,1,6,1,14-17 years,pre,dhule
,10,16,1,3,2,3,3,3,3,1,3,2,1,3,2,3,3,2,1,2,2,8,1,2,8,1,3,1,1,2,1,2,2,4,1,0,0,0,0,0,1,1,0,1,1,1,0,1,1,1,14-17 years,pre,dhule
Boy,10,14,1,3,1,3,3,3,3,3,3,3,3,1,2,3,3,1,2,6,6,4,5,6,5,4,1,1,0,1,3,1,2,4,1,0,1,0,1,1,1,1,1,1,1,1,0,1,1,2,14-17 years,pre,dhule
Boy,10,15,0,1,2,1,1,1,1,1,3,3,2,1,2,1,1,4,3,2,2,5,2,6,1,1,2,1,2,2,1,1,2,4,1,0,1,1,1,1,1,1,1,1,1,0,0,1,1,1,14-17 years,pre,dhule
Boy,,,,1,2,1,1,1,1,1,3,3,1,3,3,3,1,4,1,2,2,1,1,7,5,8,1,1,2,0,0,2,2,4,0,0,1,0,0,0,1,0,1,1,1,0,0,1,1,1,,pre,dhule
Boy,10,16,2,1,2,3,3,1,1,1,3,2,3,3,3,3,3,4,3,2,2,4,4,7,1,8,3,1,2,1,3,1,2,4,1,0,1,0,0,1,1,1,1,0,0,0,0,1,1,1,14-17 years,pre,dhule
Boy,10,15,1,2,2,1,1,1,2,1,1,2,1,1,2,1,1,2,1,0,0,0,0,0,0,0,0,0,0,0,0,1,0,4,1,0,1,0,1,1,1,0,0,1,0,0,1,0,0,1,14-17 years,pre,dhule
Boy,10,17,1,3,2,1,1,1,1,1,1,2,1,1,1,1,1,2,1,0,0,0,0,0,0,0,0,,0,0,0,1,0,4,1,1,1,0,1,1,1,0,0,1,1,0,1,1,0,0,14-17 years,pre,dhule
Girl,9,15,0,3,0,3,3,0,3,3,3,3,1,3,3,3,3,6,1,2,2,1,2,8,8,8,2,2,2,2,2,2,0,4,1,1,0,0,0,1,1,1,1,1,1,1,1,1,2,1,14-17 years,pre,dhule
Girl,9,15,0,3,2,0,3,0,3,0,3,3,1,3,3,3,3,1,1,2,2,1,2,8,8,8,2,2,2,2,2,2,0,4,1,1,0,0,0,1,1,1,1,1,1,1,0,1,2,1,14-17 years,pre,dhule
Girl,9,15,1,3,3,3,3,3,3,3,3,3,3,1,3,3,3,2,1,2,2,1,1,8,1,8,1,1,2,2,1,1,2,4,1,1,1,0,0,1,0,0,0,0,1,0,0,1,2,1,14-17 years,pre,dhule
Girl,9,14,1,3,3,3,3,3,3,1,3,2,3,3,3,3,3,2,4,6,6,4,8,6,8,7,3,3,0,3,3,3,2,4,1,1,1,0,0,1,1,1,1,1,1,1,1,1,2,1,14-17 years,pre,dhule
,10,15,0,2,2,0,2,2,2,0,3,3,3,2,2,2,2,2,3,6,6,1,1,6,8,1,2,1,2,0,1,2,2,4,1,1,1,0,1,1,0,0,0,1,1,1,0,1,4,1,14-17 years,pre,dhule
Girl,9,15,1,3,2,3,3,3,2,2,3,2,1,1,2,2,1,2,3,2,2,2,2,3,8,8,3,1,2,2,2,2,2,4,1,1,0,0,1,0,1,0,1,0,1,0,0,1,1,1,14-17 years,pre,dhule
,8,13,1,3,2,3,3,3,2,3,3,2,3,1,1,3,1,2,3,2,2,5,3,6,8,4,3,1,2,2,3,3,1,4,1,1,0,0,1,0,1,0,1,0,1,0,0,1,1,1,10-13 years,pre,dhule
Girl,8,13,1,3,2,3,3,3,3,3,3,2,3,1,3,3,3,2,3,2,2,1,2,6,1,1,3,1,1,1,1,1,1,4,1,1,0,0,1,0,1,0,1,0,1,0,0,1,1,1,10-13 years,pre,dhule
Girl,8,13,1,3,2,3,3,3,3,3,3,2,1,1,1,3,1,2,3,2,2,1,1,6,2,1,3,1,2,2,2,1,2,4,1,1,0,0,1,0,1,0,1,0,1,0,0,1,1,1,10-13 years,pre,dhule
,,,,,,,,,,,,,,,,,,,,,,,,,,,,,,,,,,,,,,,,,,,,,,,,,,,,pre,dhule
,10,16,1,3,3,0,0,0,3,0,3,2,3,3,3,3,3,7,0,6,6,5,4,7,1,4,3,1,2,2,3,3,2,4,1,1,1,0,1,1,1,1,1,1,1,0,0,1,,,14-17 years,pre,dhule
Boy,8,15,1,3,0,0,0,0,3,0,3,2,3,3,2,3,3,2,0,6,2,1,1,2,8,7,0,0,0,0,0,0,0,4,1,1,1,0,0,1,1,0,1,0,0,0,0,1,2,1,14-17 years,pre,dhule
,10,16,1,3,3,0,0,0,3,0,3,2,3,3,3,3,3,7,0,6,6,5,4,7,1,4,3,1,2,2,3,3,2,4,1,1,1,0,1,1,1,1,1,1,1,0,0,1,1,0,14-17 years,pre,dhule
Boy,10,17,1,1,0,0,0,0,0,0,3,2,3,1,1,1,1,2,4,2,2,1,5,7,8,8,1,1,2,1,1,2,2,0,1,0,1,0,0,1,1,1,1,1,1,0,0,1,2,1,14-17 years,pre,dhule
Boy,,,1,0,0,0,0,0,0,0,0,0,0,0,0,0,0,0,4,0,0,0,0,0,0,0,0,0,0,0,0,0,0,0,1,0,1,0,0,1,0,0,0,0,0,0,0,1,0,1,,pre,dhule
,8,14,1,3,3,3,3,3,3,3,3,3,3,3,3,3,3,2,3,6,2,1,8,7,8,1,2,1,2,2,2,3,0,4,1,1,1,0,0,1,1,0,1,1,1,0,0,1,0,1,14-17 years,pre,dhule
,10,16,1,3,3,0,0,0,3,0,3,2,3,3,3,3,3,7,0,6,6,5,4,7,1,4,3,1,2,2,3,3,2,4,1,1,1,0,1,1,1,1,1,1,1,0,0,1,1,0,14-17 years,pre,dhule
,8,14,1,3,3,0,0,0,3,0,3,2,3,3,3,3,3,7,0,6,6,5,4,7,1,4,3,1,2,2,3,3,2,4,1,1,1,0,1,1,1,1,1,1,1,0,0,1,1,1,14-17 years,pre,dhule
,8,12,0,2,1,2,1,1,2,2,0,0,0,0,0,0,0,2,2,2,2,1,3,1,0,0,2,1,1,2,1,2,1,4,1,1,1,0,0,1,1,1,0,0,0,1,1,2,4,1,10-13 years,pre,dhule
Girl,8,13,2,2,2,1,1,1,2,1,3,2,1,1,2,3,3,2,2,2,2,1,0,2,1,1,2,1,2,2,1,1,2,4,1,0,1,0,0,1,0,1,0,1,0,0,1,2,1,1,10-13 years,pre,dhule
,10,13,0,2,2,1,0,1,0,1,3,2,1,1,1,3,1,0,0,0,0,0,0,0,0,0,0,0,0,0,0,0,0,0,0,0,0,0,0,0,0,0,0,0,0,0,0,0,0,0,10-13 years,pre,dhule
,10,14,0,2,2,1,1,1,3,1,0,0,0,0,0,0,0,0,0,0,0,0,0,0,0,0,0,0,0,0,0,0,0,0,0,0,0,0,0,0,0,0,0,0,0,0,0,0,0,0,14-17 years,pre,dhule
,10,16,0,2,2,1,1,3,2,1,0,0,0,0,0,0,0,4,0,2,2,0,2,2,2,2,0,0,0,0,0,0,0,0,0,0,0,0,0,0,0,0,0,0,0,0,0,0,0,0,14-17 years,pre,dhule
Girl,10,14,0,2,2,1,1,1,2,1,3,2,1,1,2,3,1,4,4,0,0,0,0,0,0,0,0,0,0,0,0,0,0,0,0,0,0,0,0,0,0,0,0,0,0,0,0,0,0,0,14-17 years,pre,dhule
,10,15,0,0,0,0,1,0,0,0,2,0,0,0,0,0,0,0,4,0,0,0,0,0,0,0,0,0,0,2,0,0,0,0,1,0,0,0,0,0,0,0,0,0,0,0,1,0,0,1,14-17 years,pre,dhule
Girl,9,,1,2,0,0,0,0,0,0,0,0,0,2,0,0,0,3,0,0,0,0,0,0,0,0,0,0,0,0,0,0,0,0,0,0,0,0,0,0,0,0,0,0,0,0,0,0,1,0,,pre,dhule
Boy,10,15,1,1,0,1,0,1,0,0,1,0,1,3,3,3,3,2,3,8,2,3,1,4,1,1,1,3,3,3,3,3,2,4,1,1,1,0,1,0,1,1,1,1,1,0,0,1,1,1,14-17 years,pre,dhule
Girl,8,14,1,3,2,3,3,3,3,1,3,2,3,1,2,3,3,4,1,6,6,1,8,7,1,1,3,3,2,2,2,3,2,1,1,1,1,0,0,1,0,1,1,1,1,0,0,1,1,1,14-17 years,pre,dhule
Boy,9,15,1,3,3,1,1,3,3,3,3,2,3,1,3,3,1,4,1,2,2,5,1,1,1,5,1,3,2,2,2,1,2,1,1,1,1,1,1,1,1,0,1,1,1,1,0,1,1,1,14-17 years,pre,dhule
Boy,10,15,1,3,0,1,1,2,2,0,3,2,3,3,3,3,3,4,1,6,2,3,1,4,1,3,1,1,2,2,1,1,2,4,1,1,1,0,1,1,1,1,1,1,1,1,0,1,1,1,14-17 years,pre,dhule
Girl,10,15,1,3,2,3,3,3,3,3,3,3,3,3,3,3,3,4,3,6,6,8,4,4,8,8,3,3,2,2,3,3,2,4,1,1,1,0,0,1,1,0,1,1,1,0,0,1,1,1,14-17 years,pre,dhule
Girl,9,14,1,3,2,3,3,3,3,3,3,3,3,3,3,3,3,4,3,6,6,8,4,4,8,8,3,3,2,2,3,3,2,4,1,1,1,0,0,1,1,0,1,1,1,0,0,1,1,1,14-17 years,pre,dhule
Boy,10,17,1,3,2,3,3,1,3,3,3,2,3,3,3,3,1,2,1,2,2,1,6,6,8,7,3,1,2,2,1,3,2,4,1,1,1,0,0,1,1,0,1,1,1,0,0,1,1,1,14-17 years,pre,dhule
Boy,9,14,1,3,3,3,3,1,3,3,3,2,3,3,3,3,3,4,1,2,2,1,7,8,1,5,3,3,2,1,3,3,2,4,1,1,1,0,0,1,1,0,1,1,1,0,0,1,7,1,14-17 years,pre,dhule
Boy,9,14,1,3,0,3,0,1,2,1,3,2,3,3,3,3,1,2,1,2,2,1,6,6,8,7,3,1,2,2,1,3,2,4,1,1,1,0,0,1,1,0,1,1,1,1,0,1,7,1,14-17 years,pre,dhule
Boy,10,15,1,3,2,3,3,1,3,1,3,2,3,3,3,3,1,2,1,2,2,1,6,6,8,7,3,1,2,2,1,3,2,4,1,1,1,0,0,1,1,0,1,1,1,1,0,1,7,1,14-17 years,pre,dhule
Boy,10,15,1,3,3,3,1,3,3,1,3,3,3,3,3,3,3,2,3,2,2,5,5,7,8,7,3,1,3,2,3,2,2,4,1,1,1,0,0,1,1,0,1,1,1,0,0,1,7,1,14-17 years,pre,dhule
Boy,10,15,1,3,1,3,1,3,3,1,3,1,3,3,2,3,3,2,3,2,2,7,5,6,8,7,3,3,3,2,3,3,2,4,1,1,1,0,0,0,1,1,1,1,1,1,0,1,7,1,14-17 years,pre,dhule
Boy,10,15,1,3,2,3,1,1,3,1,1,2,1,1,2,3,1,8,1,2,2,5,5,6,8,5,1,1,2,2,1,1,2,4,1,0,0,0,0,0,1,0,1,1,1,0,0,1,7,1,14-17 years,pre,dhule
Girl,9,15,1,3,2,3,3,3,3,3,3,3,3,3,3,3,3,4,3,6,6,4,4,4,8,8,3,3,2,2,3,3,2,4,1,1,1,0,0,1,1,0,1,1,1,0,0,1,1,1,14-17 years,pre,dhule
Girl,10,15,1,3,2,3,3,3,3,3,3,3,3,3,3,3,3,4,3,6,6,8,4,4,8,8,3,3,2,2,3,3,2,4,1,1,1,0,0,1,1,0,1,1,1,0,0,1,1,1,14-17 years,pre,dhule
Girl,9,15,1,3,3,3,3,3,3,3,3,3,3,3,3,3,3,4,4,7,4,4,4,4,4,4,3,3,2,3,3,3,2,4,1,0,0,0,1,0,1,1,1,1,1,0,0,1,1,1,14-17 years,pre,dhule
Girl,9,15,1,3,3,3,3,3,3,3,3,3,3,3,3,3,3,4,4,7,4,4,4,4,4,4,3,3,2,3,3,3,2,4,1,1,1,0,1,1,1,0,1,1,1,0,0,1,1,1,14-17 years,pre,dhule
Girl,10,16,1,3,3,3,3,3,3,3,3,3,3,3,3,3,3,4,3,4,4,4,4,4,4,4,3,3,3,3,3,3,2,4,1,1,1,0,1,1,1,1,1,1,1,0,1,1,1,1,14-17 years,pre,dhule
Girl,10,16,1,3,3,3,3,3,3,3,3,3,3,3,3,3,3,4,3,4,4,4,4,4,4,4,3,3,3,3,3,3,3,4,1,1,1,0,1,1,1,1,1,1,1,0,1,1,1,1,14-17 years,pre,dhule
Boy,10,15,1,,,,,,,,,,,,,,,2,1,6,2,7,4,7,7,4,3,1,3,3,3,3,3,4,1,1,1,0,0,1,1,0,1,0,1,0,0,1,6,1,14-17 years,pre,dhule
Boy,10,15,1,3,3,3,3,3,3,3,3,2,1,1,2,3,1,2,1,2,2,7,5,6,1,5,1,1,2,2,2,3,2,4,1,1,1,0,1,1,1,0,1,1,1,0,1,1,6,1,14-17 years,pre,dhule
Boy,9,15,1,3,3,3,3,3,3,3,3,2,1,1,2,3,1,2,1,6,2,5,5,6,1,6,3,1,3,3,3,3,3,4,1,1,1,0,1,1,1,0,1,0,1,0,0,1,6,1,14-17 years,pre,dhule
Boy,9,15,1,3,3,3,3,3,3,3,3,2,1,1,3,3,1,2,2,6,8,5,5,3,2,6,1,1,2,2,2,1,2,4,1,1,1,0,1,1,1,0,1,0,1,0,0,1,6,1,14-17 years,pre,dhule
Boy,8,15,1,3,2,3,1,3,3,3,3,2,1,3,3,3,3,4,3,2,2,1,5,2,3,1,1,3,3,2,3,3,0,4,1,1,1,0,1,1,1,0,1,1,1,0,0,1,1,1,14-17 years,pre,dhule
,8,14,1,3,2,3,1,3,3,3,3,2,1,3,3,3,3,4,3,2,2,1,5,2,1,1,1,3,3,2,3,3,2,4,1,1,1,0,1,1,1,0,1,1,1,0,0,1,1,1,14-17 years,pre,dhule
Boy,9,15,1,3,0,3,3,3,3,3,3,3,1,3,3,3,3,4,3,2,2,8,5,2,1,1,1,3,3,2,3,3,2,4,1,0,1,0,1,0,1,1,1,1,1,1,0,1,1,1,14-17 years,pre,dhule
,8,14,1,3,2,3,1,3,3,3,3,2,1,3,3,3,3,4,3,2,2,1,5,2,1,1,1,3,3,2,3,3,2,4,1,1,1,0,1,1,1,1,1,1,1,0,0,1,1,1,14-17 years,pre,dhule
Girl,10,16,1,3,2,3,3,3,3,3,3,3,3,3,3,3,3,2,3,6,6,1,6,6,1,7,3,3,2,2,2,3,2,4,1,1,0,0,0,0,1,0,1,1,1,0,0,1,1,1,14-17 years,pre,dhule
Girl,9,15,1,1,1,1,1,1,1,1,3,3,3,3,3,3,3,4,3,6,6,1,4,4,8,1,3,3,3,2,2,3,2,4,1,1,1,0,1,1,1,1,1,1,1,1,0,1,1,1,14-17 years,pre,dhule
Girl,9,14,1,2,2,2,0,2,2,0,3,3,3,3,3,3,3,4,3,6,6,1,8,8,8,8,3,3,2,2,2,3,2,4,1,1,0,0,1,1,1,1,1,1,1,1,0,1,1,1,14-17 years,pre,dhule
Girl,10,16,,3,2,3,3,3,3,3,3,3,3,3,3,3,3,2,3,6,6,1,6,6,1,5,3,3,2,2,2,3,2,4,1,1,0,0,0,0,1,0,1,1,1,0,0,1,1,1,14-17 years,pre,dhule
Girl,,16,1,3,3,3,3,3,2,3,3,2,3,3,3,3,3,4,3,6,6,7,7,6,1,1,1,1,2,2,2,1,2,4,1,1,0,1,1,1,1,1,1,0,1,0,0,1,1,1,14-17 years,pre,dhule
Girl,,16,1,3,3,3,3,3,3,3,3,3,3,3,3,3,3,4,4,3,3,3,3,3,1,3,1,1,2,2,2,1,2,4,1,1,1,0,0,0,1,0,1,1,1,0,0,1,1,1,14-17 years,pre,dhule
Girl,,17,1,3,2,3,3,1,2,1,3,2,3,3,3,3,3,4,3,7,6,5,4,4,8,4,3,3,3,3,3,3,3,4,1,1,1,1,1,1,1,1,1,1,1,1,0,1,5,1,14-17 years,pre,dhule
Girl,,17,1,3,3,3,3,3,3,1,3,3,3,3,3,3,3,2,3,6,2,5,7,4,8,4,3,1,3,3,3,3,0,4,1,1,1,0,1,0,1,1,1,1,1,0,0,1,0,1,14-17 years,pre,dhule
Boy,,16,1,3,3,3,3,3,3,3,3,2,1,3,3,3,3,4,4,3,2,3,4,3,4,4,3,3,2,2,2,3,2,4,1,1,1,1,1,1,1,0,1,1,1,0,0,1,5,1,14-17 years,pre,dhule
Boy,,16,1,3,3,3,3,3,3,3,3,3,3,3,3,3,3,4,3,4,4,4,4,4,4,4,3,3,2,2,3,1,2,4,1,0,1,0,0,1,1,0,1,0,1,0,0,1,4,1,14-17 years,pre,dhule
Boy,,17,1,3,3,3,3,3,3,3,3,2,1,1,3,3,3,3,3,2,2,5,4,4,8,4,3,1,3,1,3,3,3,4,1,1,1,0,1,1,1,1,1,1,1,1,1,1,4,1,14-17 years,pre,dhule
Boy,,,1,3,3,3,3,1,3,1,3,2,1,3,1,3,1,4,3,2,2,4,8,2,1,4,3,1,0,3,3,3,2,4,1,0,1,0,1,1,1,1,1,1,1,0,1,1,1,1,,pre,dhule
Girl,10,15,1,0,0,3,0,3,0,0,3,3,1,2,1,3,1,7,4,7,7,1,8,7,8,8,0,0,0,0,0,0,0,4,0,1,0,0,0,0,1,0,1,1,1,,0,1,,,14-17 years,pre,dhule
Girl,10,15,1,0,0,3,0,3,0,0,3,3,1,2,1,3,1,7,4,7,7,1,8,7,8,8,0,0,0,0,0,0,0,4,0,1,0,0,0,0,1,0,1,1,1,0,0,1,1,1,14-17 years,pre,dhule
Boy,9,16,1,0,0,1,1,1,0,1,1,0,1,1,1,1,1,2,1,2,2,1,1,2,1,8,1,1,1,2,1,2,2,4,1,1,1,0,1,1,0,1,0,1,0,1,1,1,4,1,14-17 years,pre,dhule
Boy,9,14,,1,2,1,1,1,2,2,3,2,1,1,2,3,1,2,3,2,2,5,1,2,1,5,1,1,2,1,2,1,2,4,1,0,1,0,0,1,1,1,1,1,1,0,0,1,2,1,14-17 years,pre,dhule
Girl,8,13,1,3,2,3,3,3,3,3,1,2,1,1,1,2,1,4,3,6,4,1,7,6,8,1,3,1,0,0,0,3,0,4,1,1,0,0,0,0,1,0,1,0,1,0,0,1,4,0,10-13 years,pre,dhule
Boy,8,15,1,1,2,1,1,1,2,2,1,2,1,1,1,1,1,2,3,2,2,5,1,2,1,1,1,1,1,1,1,1,1,4,0,0,0,0,0,0,0,0,0,0,0,0,0,1,4,1,14-17 years,pre,dhule
,8,13,1,3,2,3,3,3,3,3,3,1,1,1,1,3,3,4,1,2,2,1,8,2,1,1,1,1,0,0,0,0,2,4,1,1,1,0,0,0,1,0,0,0,1,0,0,1,4,1,10-13 years,pre,dhule
Girl,9,14,0,3,3,3,3,3,3,3,3,2,1,3,3,3,3,3,1,2,2,1,1,2,2,1,3,1,1,1,3,2,2,4,1,1,1,0,1,0,1,1,1,1,1,0,0,1,0,0,14-17 years,pre,dhule
Girl,8,13,1,3,2,1,3,3,3,0,2,2,1,1,0,2,1,2,3,2,2,1,6,2,8,1,3,1,2,1,1,2,2,4,1,1,1,0,1,0,1,1,1,1,0,0,0,1,0,1,10-13 years,pre,dhule
Girl,8,14,1,3,2,3,3,3,3,3,3,2,3,3,1,3,1,2,3,2,2,1,8,2,8,7,3,1,0,2,0,0,0,4,1,1,0,0,1,0,0,0,0,0,1,0,0,1,4,1,14-17 years,pre,dhule
Girl,9,14,1,2,2,2,2,2,2,2,3,2,3,3,3,3,1,4,2,6,6,1,8,2,1,1,3,3,0,3,3,0,0,4,1,1,1,0,1,1,1,1,1,1,1,0,0,1,,,14-17 years,pre,dhule
Boy,9,,0,3,2,3,1,3,3,3,3,2,3,3,3,3,1,4,3,3,2,8,1,2,4,8,3,1,3,1,3,3,3,4,1,1,1,0,1,1,1,1,0,1,1,1,1,2,7,2,,pre,dhule
Boy,10,17,1,3,3,3,3,3,3,3,3,2,3,1,1,3,3,2,3,7,6,7,4,4,4,3,1,3,1,1,3,3,1,4,1,1,1,0,0,1,1,1,1,1,1,1,1,1,4,2,14-17 years,pre,dhule
Boy,9,15,1,3,2,3,3,3,1,1,3,2,3,3,3,3,1,4,3,2,2,4,4,2,1,8,3,1,0,0,3,3,0,4,1,0,1,0,1,1,1,1,1,1,1,1,0,1,6,1,14-17 years,pre,dhule
Girl,10,15,2,2,2,2,0,2,2,2,2,2,2,2,2,2,2,4,1,6,6,5,8,6,1,7,1,1,2,1,2,1,2,4,1,0,0,0,0,0,1,1,0,0,0,0,0,1,3,1,14-17 years,pre,dhule
Girl,10,16,2,2,2,2,0,2,2,2,1,1,1,1,1,1,1,7,1,6,6,3,8,6,1,6,2,1,2,2,2,2,2,4,1,1,1,0,1,1,0,1,0,0,0,0,0,1,2,1,14-17 years,pre,dhule
Girl,9,15,1,3,0,0,0,0,3,0,3,2,3,3,0,3,0,4,3,2,2,1,1,2,8,1,3,1,2,0,3,1,2,4,1,1,1,0,1,1,0,1,1,1,1,1,0,1,7,1,14-17 years,pre,dhule
Boy,10,16,1,3,3,3,1,3,3,1,3,2,3,3,1,3,3,4,3,2,2,5,4,2,7,5,3,1,2,2,3,3,2,4,1,1,1,0,1,1,1,1,1,1,1,0,0,1,2,1,14-17 years,pre,dhule
,7,,1,3,3,3,3,3,3,1,3,2,3,3,2,3,3,4,3,6,2,5,8,4,8,1,3,3,0,3,0,2,0,4,1,1,1,0,1,1,1,0,1,1,1,0,0,1,1,1,,pre,dhule
Boy,9,15,1,3,3,3,3,1,3,1,3,2,3,3,2,3,0,4,3,6,2,7,8,4,8,1,3,3,0,3,0,3,0,4,1,1,1,0,1,1,1,0,1,1,1,0,0,1,1,1,14-17 years,pre,dhule
Girl,7,13,1,2,0,2,0,0,2,0,1,2,1,1,1,1,1,2,2,2,2,1,1,2,1,1,3,3,3,3,3,3,3,0,1,0,0,0,1,0,1,1,1,1,1,1,0,1,2,1,10-13 years,pre,dhule
Girl,7,14,1,3,0,0,0,3,3,0,1,2,1,1,1,3,1,4,3,3,2,1,4,7,8,5,2,1,0,1,2,2,2,4,1,0,0,0,1,0,1,1,1,1,1,0,0,1,1,1,14-17 years,pre,dhule
Girl,8,16,1,2,0,0,0,0,2,0,1,2,1,1,1,1,1,2,3,2,2,2,1,2,2,1,3,3,3,3,3,3,3,4,1,0,0,0,0,0,1,1,1,1,1,0,0,1,1,1,14-17 years,pre,dhule
Boy,8,,1,3,3,3,3,3,3,3,3,3,3,3,3,3,3,4,3,6,4,4,4,4,4,4,3,3,3,3,3,3,3,4,1,1,1,0,1,1,1,1,1,1,1,1,0,1,1,1,,pre,dhule
Girl,10,16,0,3,3,3,3,3,3,3,3,3,3,3,3,3,3,0,3,6,4,7,4,4,8,7,3,3,3,3,3,3,3,0,1,1,1,0,1,1,1,1,1,1,1,1,0,1,1,1,14-17 years,pre,dhule
Boy,10,16,1,3,3,3,3,3,3,3,3,3,3,3,3,3,3,3,3,6,4,7,4,4,8,7,3,3,3,3,3,3,3,4,1,1,1,0,1,1,1,1,1,1,1,1,0,1,1,1,14-17 years,pre,dhule
Boy,9,14,1,3,3,3,1,3,3,1,2,2,1,3,2,3,1,2,4,2,2,5,5,6,1,1,3,1,0,2,3,3,1,4,1,1,0,0,1,0,1,0,1,1,0,0,0,1,1,1,14-17 years,pre,dhule
Boy,9,15,0,3,0,3,3,3,3,3,3,2,1,3,3,3,1,4,3,2,2,7,7,2,8,7,2,1,2,2,1,1,2,4,1,1,1,0,0,1,1,1,1,1,0,1,0,1,1,1,14-17 years,pre,dhule
Girl,8,13,0,3,2,3,3,3,3,0,3,2,3,3,3,3,1,2,3,2,2,1,1,2,8,1,0,3,0,0,0,3,0,0,1,0,0,0,0,0,1,0,0,0,0,0,0,1,4,1,10-13 years,pre,dhule
Boy,10,16,1,3,3,2,3,2,3,3,1,2,1,1,1,3,3,2,1,2,2,5,5,2,1,8,1,1,2,2,2,1,2,4,1,0,1,1,1,1,1,1,1,1,1,0,0,1,1,1,14-17 years,pre,dhule
Boy,10,16,0,3,2,3,3,3,2,3,3,3,3,3,3,3,3,2,3,2,2,1,5,6,8,1,3,3,3,2,3,3,2,4,1,1,1,0,1,1,1,1,1,1,1,0,0,1,1,1,14-17 years,pre,dhule
,9,15,0,3,0,0,0,1,0,0,0,0,0,0,0,2,1,2,1,2,2,0,0,2,0,0,0,0,0,0,0,2,0,4,1,0,0,0,0,0,1,0,0,0,1,0,0,1,4,1,14-17 years,pre,dhule
Girl,10,16,0,3,0,0,0,0,0,0,1,2,0,0,0,0,0,2,3,2,2,0,0,2,0,0,0,0,0,0,0,2,0,4,1,0,0,0,1,0,0,0,1,0,1,0,0,1,4,1,14-17 years,pre,dhule
Girl,10,16,0,3,0,0,0,0,0,0,1,2,0,0,0,0,0,2,1,2,0,0,0,2,0,0,0,0,0,0,0,2,0,4,1,0,0,0,0,0,1,0,0,0,1,0,0,1,4,1,14-17 years,pre,dhule
Boy,10,17,1,3,0,3,1,3,3,0,3,2,3,3,1,1,0,6,4,2,2,1,8,2,1,1,1,1,0,2,1,1,0,4,1,1,1,0,0,0,0,0,0,0,0,0,1,1,4,1,14-17 years,pre,dhule
Boy,10,17,1,3,2,3,3,3,1,1,3,2,1,3,3,3,3,4,3,7,7,7,4,4,8,5,1,1,2,2,2,1,2,4,1,1,1,0,1,1,1,1,1,1,1,1,0,1,1,1,14-17 years,pre,dhule
Boy,10,14,0,0,0,0,0,1,0,0,1,0,1,0,0,0,0,6,2,2,2,5,3,3,1,1,1,1,2,0,1,1,2,4,1,0,1,0,1,0,1,0,1,1,1,0,0,1,7,1,14-17 years,pre,dhule
Boy,10,13,0,0,0,1,0,0,0,0,1,0,1,0,0,0,0,3,3,1,2,1,1,2,1,1,1,1,2,0,1,1,2,4,1,0,1,0,1,0,0,0,1,1,1,0,0,1,7,1,10-13 years,pre,dhule
Girl,10,14,1,3,2,3,1,3,3,0,3,2,1,1,3,3,1,2,3,6,6,1,7,6,1,8,1,1,2,0,0,1,2,4,1,1,1,0,0,1,1,1,1,0,0,0,0,1,4,1,14-17 years,pre,dhule
,10,14,1,3,2,3,1,3,3,0,3,3,3,0,0,3,3,6,3,6,6,5,1,7,1,8,1,1,0,0,0,1,0,1,1,1,1,0,0,1,1,0,1,0,0,0,0,1,4,1,14-17 years,pre,dhule
,9,15,1,0,3,0,3,0,0,3,3,3,3,3,0,3,3,6,2,7,4,1,7,7,0,0,0,0,0,0,0,3,0,4,1,1,0,0,0,0,0,0,0,0,0,1,1,2,6,1,14-17 years,pre,dhule
Girl,9,14,0,3,1,3,3,3,3,3,3,3,3,3,3,3,3,2,1,6,6,1,4,6,8,4,2,1,2,2,0,3,2,4,1,1,1,0,1,1,1,1,1,1,1,0,0,1,2,1,14-17 years,pre,dhule
Boy,10,16,1,3,1,3,1,3,3,3,3,2,3,3,3,3,1,2,1,2,8,5,4,7,8,8,3,1,3,3,3,3,2,4,1,1,1,0,1,0,1,0,1,1,1,0,0,1,7,1,14-17 years,pre,dhule
Boy,9,15,1,3,0,1,0,0,3,0,3,2,1,1,0,3,0,2,1,2,2,5,5,6,0,5,1,1,0,2,0,0,2,4,1,0,1,0,1,1,1,1,1,0,1,1,0,1,7,1,14-17 years,pre,dhule
Boy,10,17,1,3,3,3,1,3,3,3,3,2,3,3,3,3,3,2,3,2,8,5,4,7,8,8,3,1,3,3,3,3,3,4,1,1,1,0,1,0,1,0,1,1,1,0,0,1,7,1,14-17 years,pre,dhule
Boy,9,16,2,3,2,3,1,3,1,1,3,2,1,3,3,3,1,2,1,2,2,5,5,2,5,5,1,1,2,2,3,3,3,4,1,1,1,0,1,1,1,1,1,1,1,1,1,1,1,1,14-17 years,pre,dhule
Girl,9,14,1,3,1,1,1,3,1,1,3,3,1,1,3,3,1,2,3,2,6,5,8,2,8,8,1,1,0,2,3,3,2,4,1,1,0,1,1,0,1,0,1,1,1,0,0,1,6,1,14-17 years,pre,dhule
Boy,9,15,1,3,3,3,1,1,1,3,1,2,1,1,1,2,1,2,1,2,2,5,5,2,5,5,3,1,2,2,1,1,2,4,0,0,0,0,0,0,1,0,1,1,0,0,0,1,5,1,14-17 years,pre,dhule
Girl,9,14,1,2,2,2,2,2,2,0,2,2,2,2,2,2,0,4,1,2,2,1,1,3,1,1,3,2,0,2,0,2,0,4,1,1,1,0,1,1,0,1,1,1,0,1,1,1,4,1,14-17 years,pre,dhule
Girl,9,,0,2,2,2,2,2,2,2,1,1,1,1,1,1,2,2,1,2,2,1,8,2,1,2,1,1,2,2,0,2,0,4,1,1,0,0,0,0,0,0,0,0,0,1,0,2,2,1,,pre,dhule
Girl,9,,2,3,1,1,1,1,1,1,1,2,1,0,0,2,,2,2,6,6,1,1,6,1,1,3,1,0,2,0,0,0,4,1,1,0,0,0,0,0,0,0,0,0,0,1,2,6,1,,pre,dhule
Girl,9,,2,2,2,2,2,2,2,2,0,0,0,0,0,3,0,2,3,2,2,5,8,2,8,8,3,1,0,3,0,1,0,4,1,1,0,0,0,0,0,0,0,0,0,0,0,2,0,1,,pre,dhule
Girl,9,14,1,3,3,3,3,3,3,3,3,2,3,3,3,3,1,7,1,6,6,1,1,6,1,0,3,1,2,0,0,3,2,4,1,1,1,0,0,0,1,0,0,0,0,0,1,2,4,1,14-17 years,pre,dhule
Girl,9,16,1,3,3,3,3,3,3,3,3,2,3,3,3,3,3,7,4,7,6,1,1,4,8,8,3,1,2,0,0,3,2,4,1,1,1,0,1,1,0,1,1,1,1,0,0,1,4,1,14-17 years,pre,dhule
Boy,10,15,1,3,3,3,3,3,3,3,3,3,3,3,3,3,3,2,3,2,2,1,8,8,8,4,3,1,2,2,2,3,2,4,1,1,1,0,1,0,1,0,1,1,1,0,0,1,6,1,14-17 years,pre,dhule
Boy,10,16,1,3,3,3,3,3,3,3,3,3,3,3,3,3,3,2,3,2,8,5,7,4,4,4,1,1,0,2,0,2,2,4,1,0,1,0,1,1,1,1,1,0,0,0,0,1,6,0,14-17 years,pre,dhule
,,,0,1,1,1,1,1,1,1,2,2,2,2,2,2,2,0,0,2,2,2,2,2,2,2,0,0,0,0,0,0,0,0,0,0,0,0,0,0,0,0,0,0,0,0,0,0,0,0,,pre,dhule
Girl,9,,1,2,2,1,2,1,2,1,3,2,1,3,1,3,3,7,1,6,6,1,1,7,1,1,0,1,0,1,2,1,2,4,1,0,0,0,0,0,1,0,0,0,0,0,0,1,0,1,,pre,dhule
,,,0,1,1,1,1,1,1,0,3,2,1,1,1,3,3,0,0,2,2,8,8,2,8,5,2,1,2,2,1,2,1,0,0,0,0,0,0,0,0,0,0,0,0,0,0,0,0,0,,pre,dhule
Girl,10,16,1,3,3,3,3,3,3,3,2,0,0,0,1,0,0,2,3,3,3,3,3,3,3,3,3,3,2,3,3,3,3,4,1,1,1,0,1,1,1,0,1,1,0,1,1,1,1,1,14-17 years,pre,dhule
Boy,10,16,1,3,0,3,3,3,3,3,3,2,3,3,3,3,3,4,4,4,6,4,8,4,8,4,3,3,0,3,0,3,0,4,1,1,1,0,1,1,1,1,1,1,1,0,0,1,7,1,14-17 years,pre,dhule
Boy,10,16,1,3,0,0,0,3,0,0,3,0,0,0,0,0,1,6,3,0,0,0,0,0,4,0,3,1,0,0,0,0,0,4,1,1,0,0,0,0,0,0,0,0,1,0,1,1,6,1,14-17 years,pre,dhule
Boy,10,16,1,3,3,3,3,3,3,3,3,2,3,3,0,3,3,6,3,6,2,5,7,7,8,1,3,3,0,0,0,0,0,4,1,1,1,0,0,1,1,1,0,0,1,0,0,1,,1,14-17 years,pre,dhule
Girl,7,,1,3,0,0,0,3,3,0,3,2,3,3,3,3,3,4,3,3,6,1,1,1,8,4,3,0,0,0,3,3,3,4,1,1,1,0,0,1,1,0,1,0,1,0,0,1,,,,pre,dhule
,10,16,0,3,3,3,3,3,3,3,3,3,3,3,1,3,3,6,0,0,4,1,0,4,0,1,0,1,2,0,0,1,2,4,1,1,1,0,0,0,1,1,1,1,1,0,0,1,1,0,14-17 years,pre,dhule
Girl,10,16,0,3,3,3,3,3,3,3,3,3,3,3,1,3,3,6,3,4,4,4,8,4,8,4,3,3,2,2,2,3,2,4,1,1,1,0,1,1,1,1,1,1,1,0,0,1,1,1,14-17 years,pre,dhule
Boy,10,16,1,3,3,3,3,3,3,3,3,3,3,3,3,3,3,7,3,7,7,4,4,4,8,4,3,1,0,3,0,3,0,4,1,1,1,0,1,1,1,0,1,1,1,0,0,1,1,1,14-17 years,pre,dhule
Girl,9,15,1,3,3,3,3,3,3,3,3,3,3,3,3,3,3,4,3,7,7,4,4,4,8,4,3,1,0,3,0,3,0,4,1,1,1,0,1,1,1,0,1,1,1,0,0,1,1,1,14-17 years,pre,dhule
Boy,10,15,1,3,2,3,3,1,3,3,3,2,3,1,3,3,1,2,1,2,2,5,2,6,1,4,1,1,2,3,1,1,2,4,1,0,1,0,1,1,1,1,1,1,1,0,0,1,3,2,14-17 years,pre,dhule
Boy,10,15,1,3,2,3,1,1,3,3,3,2,3,3,3,3,1,4,3,6,7,7,4,7,8,4,3,3,1,1,3,3,2,4,1,1,1,0,0,1,1,1,1,1,1,0,0,1,,,14-17 years,pre,dhule
Girl,10,15,1,3,3,3,3,3,3,3,3,2,3,3,3,3,3,6,1,6,6,4,4,6,8,1,3,1,0,0,3,3,2,4,1,1,1,0,0,1,1,1,1,1,1,1,0,1,1,1,14-17 years,pre,dhule
Girl,10,14,1,3,3,3,3,3,3,3,3,2,3,3,3,3,3,2,3,6,6,4,1,6,1,1,3,1,0,0,0,0,2,4,1,1,1,0,0,0,1,1,1,1,1,0,0,1,1,1,14-17 years,pre,dhule
Girl,10,16,1,3,3,3,3,3,3,3,3,2,3,3,3,3,3,2,3,6,6,4,1,6,1,1,3,1,0,3,3,3,2,4,1,1,1,0,0,0,1,1,1,1,1,0,0,1,1,1,14-17 years,pre,dhule
Girl,10,15,1,3,3,1,3,3,2,0,3,2,3,3,3,3,3,7,3,6,6,5,1,6,8,1,3,3,0,0,3,3,2,4,1,1,1,0,0,1,1,1,1,1,1,1,0,1,1,1,14-17 years,pre,dhule
Boy,10,16,1,3,2,3,3,1,3,1,1,2,1,3,2,2,1,2,1,2,2,5,8,6,8,7,2,1,2,1,1,1,2,4,1,0,1,0,0,1,1,0,1,1,1,0,0,1,3,2,14-17 years,pre,dhule
Boy,10,14,1,3,2,3,2,3,3,3,1,2,1,3,0,2,3,4,1,2,2,4,5,2,1,5,3,3,1,2,2,3,2,4,1,1,1,0,0,1,1,1,1,1,1,0,0,1,3,1,14-17 years,pre,dhule
Girl,10,15,1,3,2,3,3,3,3,2,3,2,3,3,3,3,1,2,1,2,2,5,8,8,1,4,1,1,2,2,2,2,0,3,1,1,1,0,1,1,0,0,1,1,1,0,0,1,1,1,14-17 years,pre,dhule
Girl,10,16,0,3,2,3,1,3,3,3,3,2,1,1,2,3,3,4,3,6,6,4,8,4,8,4,1,1,2,2,3,1,2,4,1,1,1,0,1,0,1,0,1,1,1,0,0,1,6,1,14-17 years,pre,dhule
Girl,10,15,0,3,2,3,1,3,3,3,3,3,3,3,3,3,0,4,3,6,4,1,8,4,8,1,1,1,2,2,3,1,2,4,1,1,1,0,0,0,1,1,1,1,1,0,0,1,6,1,14-17 years,pre,dhule
Girl,10,16,1,3,3,3,1,3,3,3,3,2,1,3,1,3,3,2,3,6,6,4,8,6,8,8,3,3,3,2,3,1,2,4,1,1,1,0,1,1,1,1,1,1,1,0,0,1,2,1,14-17 years,pre,dhule
Girl,10,14,1,3,2,3,3,1,3,3,3,2,1,1,3,3,3,4,3,2,2,4,8,7,8,8,3,3,2,2,1,2,2,4,1,0,0,0,0,0,1,1,1,1,1,0,0,1,5,1,14-17 years,pre,dhule
,10,15,1,3,3,3,0,3,3,3,3,2,1,3,1,2,1,4,3,6,6,5,6,4,1,7,2,3,3,2,3,1,2,4,1,1,1,1,1,1,1,1,1,1,1,0,0,1,2,1,14-17 years,pre,dhule
Girl,10,16,1,1,2,3,3,1,3,3,3,2,3,3,2,3,3,4,3,2,2,3,8,3,1,3,3,3,3,1,3,3,2,4,1,1,1,0,0,1,1,1,1,0,0,1,1,1,2,1,14-17 years,pre,dhule
Girl,10,15,1,3,2,3,3,3,1,3,3,2,1,3,3,3,3,6,1,8,2,8,8,2,8,8,3,1,2,3,3,2,2,4,1,1,1,0,1,0,1,1,1,0,1,1,0,1,1,1,14-17 years,pre,dhule
,9,,0,3,2,1,0,1,2,0,0,3,0,0,1,3,3,3,3,3,2,0,5,2,1,1,2,2,2,2,1,2,2,2,0,0,0,0,0,0,,,,,,,,,,,,pre,dhule
,6,,1,1,3,1,1,2,2,2,2,1,1,3,1,2,2,3,1,2,1,7,2,0,3,1,0,0,0,0,0,0,0,3,1,1,1,0,1,1,0,0,1,1,0,1,1,2,6,2,,pre,dhule
,8,,1,1,2,1,3,1,3,2,0,0,0,0,0,0,0,3,3,2,1,2,3,1,5,3,0,0,0,0,0,0,0,2,1,1,1,0,1,1,1,0,1,0,1,1,1,1,2,1,,pre,dhule
,8,,0,0,0,0,0,0,0,0,2,1,2,1,3,2,2,2,4,6,1,2,1,8,2,3,3,1,2,3,1,2,1,2,1,0,1,1,1,1,1,0,1,0,1,1,1,1,4,1,,pre,dhule
,6,,1,1,0,1,2,3,0,2,3,3,1,1,1,3,2,2,1,0,0,0,0,0,0,0,0,0,0,0,0,0,0,1,1,1,1,0,1,0,0,0,0,0,0,0,0,1,1,2,,pre,dhule
,9,,1,1,2,1,2,1,2,1,1,2,1,2,1,2,2,4,3,2,3,2,1,1,8,0,1,2,1,2,1,2,1,4,1,0,1,1,0,1,0,1,0,1,0,1,0,1,5,1,,pre,dhule
,,,0,2,2,1,1,2,2,2,2,1,2,3,2,1,2,3,0,6,2,1,2,3,8,2,1,3,1,2,2,1,3,4,1,0,1,1,1,1,1,0,1,1,1,0,1,,5,,,pre,dhule
,6,,1,3,2,1,1,3,0,2,3,1,1,0,0,1,0,,,2,2,1,3,3,1,1,2,1,2,1,2,2,2,3,0,1,0,0,0,1,0,0,0,0,0,1,0,2,0,2,,pre,dhule
,,,1,3,1,3,0,3,0,1,3,1,1,1,2,3,3,2,3,0,0,0,2,0,0,0,0,0,0,0,0,0,0,3,0,0,1,0,1,0,0,0,1,0,0,0,0,2,6,1,,pre,dhule
,7,,1,3,0,1,0,0,0,0,0,0,1,2,0,0,0,2,3,6,6,1,5,4,8,1,0,0,0,0,0,0,0,0,0,0,0,0,0,0,0,0,0,0,0,0,0,0,0,1,,pre,dhule
,8,,1,3,1,3,1,3,1,2,3,2,0,1,1,3,3,2,3,2,3,1,2,0,0,0,0,1,0,0,0,0,0,4,0,1,0,0,0,0,1,0,1,0,0,0,0,2,2,1,,pre,dhule
,,,2,1,1,2,1,1,2,2,2,1,2,1,3,2,2,2,2,2,5,2,2,0,6,2,1,2,2,1,1,2,1,4,1,1,0,1,1,1,0,1,1,1,0,1,0,2,2,1,,pre,dhule
,9,,1,3,2,3,1,3,2,1,3,3,1,1,1,3,3,2,3,2,3,1,0,1,1,0,2,1,2,1,1,2,2,4,0,1,1,0,0,1,1,0,1,1,1,0,0,1,4,1,,pre,dhule
,,,0,1,0,2,1,0,2,0,3,1,0,0,1,0,2,2,0,2,5,0,3,2,1,1,2,0,1,0,1,0,0,0,0,0,0,0,0,0,0,0,0,0,0,0,0,0,0,0,,pre,dhule
,7,,1,1,2,1,2,1,3,1,2,1,2,3,2,1,1,2,3,2,3,1,2,5,1,2,0,0,0,0,0,0,0,0,1,1,0,1,0,1,0,1,0,1,1,1,0,1,2,2,,pre,dhule
,6,,1,3,0,1,0,1,1,0,0,0,0,0,0,0,0,2,3,1,0,0,5,0,0,0,2,1,3,1,0,2,2,4,0,1,0,0,0,1,0,1,1,1,1,0,0,1,4,2,,pre,dhule
,6,,1,3,0,1,0,2,1,2,2,3,1,1,0,3,3,2,3,0,0,1,0,3,1,0,0,0,1,0,0,0,0,2,0,1,0,0,0,1,0,0,1,0,1,0,0,0,0,1,,pre,dhule
,8,,1,3,2,3,3,1,1,1,3,2,1,1,1,3,3,2,3,2,2,1,3,3,1,1,2,3,2,1,3,0,0,4,0,1,1,0,0,0,0,1,1,1,1,0,0,1,4,1,,pre,dhule
,8,,1,1,2,2,1,2,1,2,2,1,2,1,3,2,1,3,2,6,1,2,6,2,1,3,2,1,0,2,1,2,1,3,0,1,0,1,1,0,1,0,0,1,0,1,0,2,6,1,,pre,dhule
,6,,1,2,1,2,2,1,1,1,2,1,2,1,1,2,2,9,4,2,3,2,8,0,2,1,2,1,2,0,1,2,1,3,0,1,0,1,1,1,0,0,1,0,1,0,0,1,5,1,,pre,dhule
,,,1,3,0,1,1,1,2,2,2,0,0,0,0,0,0,3,3,0,2,0,0,2,1,0,2,0,1,0,2,1,0,4,1,1,1,1,0,0,1,0,1,1,1,0,0,0,2,2,,pre,dhule
,7,,1,1,2,1,2,0,2,1,3,3,1,2,2,1,2,2,3,6,3,2,3,2,1,2,1,2,1,1,3,2,2,4,1,0,1,1,1,0,1,0,1,1,1,0,1,2,2,1,,pre,dhule
Girl,6,,1,1,0,0,1,0,2,0,0,2,2,2,1,0,0,2,3,0,2,1,1,3,1,1,1,1,2,2,3,0,2,0,0,0,1,0,0,0,0,0,0,1,0,0,0,0,,,,pre,dhule
,8,,1,3,2,3,1,3,3,1,3,3,1,3,1,3,3,2,3,0,0,0,0,0,0,0,2,3,3,1,2,2,2,4,1,1,0,0,1,0,1,0,0,1,1,1,0,1,1,1,,pre,dhule
,,,1,1,1,2,0,1,0,2,2,0,2,2,1,1,0,1,5,0,0,0,0,0,0,0,0,0,0,0,0,0,0,2,0,0,1,0,0,1,1,1,1,0,1,0,1,1,1,1,,pre,dhule
,6,,1,2,1,3,1,2,1,3,3,2,2,1,2,0,0,1,3,3,0,1,0,1,0,0,0,0,0,0,0,0,0,1,1,1,1,1,1,1,,,,,,,,,4,1,,pre,dhule
,,,1,3,3,3,1,3,0,2,0,0,0,0,0,0,0,2,3,0,0,1,0,0,0,0,2,0,0,2,0,0,0,3,0,0,1,0,0,0,0,0,0,0,0,0,0,1,0,2,,pre,dhule
,6,,1,2,1,0,3,2,1,0,1,2,1,2,2,1,2,4,3,2,2,1,3,1,3,0,1,2,1,2,1,2,1,,1,0,1,0,1,0,1,1,0,1,0,1,1,2,4,2,,pre,dhule
,9,,1,1,2,0,0,3,0,0,3,1,1,0,1,3,0,2,3,2,6,1,0,8,1,2,2,0,2,1,0,3,2,4,0,0,1,0,0,1,1,0,1,1,1,0,0,1,4,2,,pre,dhule
,,,1,1,2,1,2,3,1,2,2,1,2,3,2,1,2,3,3,2,5,2,3,1,1,1,1,2,1,2,1,2,1,3,0,0,0,0,0,0,0,1,1,0,1,1,1,2,4,2,,pre,dhule
,8,,1,3,1,3,2,3,1,2,3,3,1,3,1,3,3,1,3,2,2,5,6,4,8,1,2,1,0,1,0,0,2,4,0,1,1,0,0,1,1,0,1,1,1,0,0,1,0,1,,pre,dhule
,9,,1,3,1,3,3,3,2,1,3,3,1,2,1,3,3,2,3,6,2,1,7,4,8,1,3,1,2,3,3,3,2,4,1,1,1,0,0,1,1,0,1,1,1,0,0,1,4,1,,pre,dhule
,8,,1,3,3,3,2,3,1,3,3,3,1,1,3,3,3,3,3,7,2,1,1,1,1,1,2,1,2,1,1,2,2,4,1,1,1,0,0,1,1,1,1,1,1,0,0,2,4,1,,pre,dhule
,8,,1,1,2,0,0,1,0,0,2,0,1,1,2,0,0,1,3,2,2,1,4,7,8,3,2,1,2,3,3,3,2,4,1,0,1,1,0,0,1,0,1,1,1,0,0,2,4,1,,pre,dhule
Girl,10,14,1,3,3,1,1,3,2,3,3,2,3,3,1,3,1,4,1,2,6,1,1,2,1,8,1,1,2,1,2,1,1,4,1,0,1,0,0,1,1,0,1,0,1,0,0,1,1,1,14-17 years,pre,dhule
Girl,10,15,1,3,3,3,1,3,3,3,3,2,1,3,3,3,1,4,3,2,2,7,7,7,8,7,2,3,2,2,2,3,1,4,1,0,1,0,1,1,1,0,1,0,1,0,0,1,1,1,14-17 years,pre,dhule
Girl,10,15,1,3,3,3,3,1,2,1,3,1,2,3,3,3,2,4,3,6,6,1,8,6,1,2,2,1,2,2,2,2,2,4,1,0,1,0,0,1,1,0,1,1,1,0,0,1,1,1,14-17 years,pre,dhule
Boy,10,15,1,3,2,1,1,1,3,1,3,2,1,3,3,3,3,4,3,2,2,5,4,2,8,4,2,1,3,2,2,2,2,4,1,1,1,1,1,1,1,1,1,0,1,0,0,1,1,1,14-17 years,pre,dhule
Boy,10,15,1,3,2,1,1,1,1,1,3,2,1,3,3,3,3,4,4,2,2,5,4,2,8,4,2,1,3,2,2,2,2,4,1,1,1,1,1,1,1,1,1,0,1,0,0,1,1,1,14-17 years,pre,dhule
Boy,10,15,1,3,2,1,1,1,3,1,3,2,1,3,3,3,3,4,3,2,2,5,7,7,8,4,2,1,3,2,2,2,2,4,1,1,1,1,1,1,1,0,,1,1,0,0,1,1,1,14-17 years,pre,dhule
Boy,9,13,1,3,2,3,1,1,3,3,3,3,3,3,3,3,3,4,3,2,2,1,3,2,1,1,1,1,2,2,2,1,2,4,1,1,0,0,1,0,1,1,1,1,1,0,0,1,7,1,10-13 years,pre,dhule
Boy,10,16,1,3,2,3,3,1,3,3,1,2,1,1,1,3,1,4,1,2,2,5,5,2,1,7,1,1,2,2,1,1,2,4,1,0,0,0,1,0,1,1,1,1,1,1,0,1,7,1,14-17 years,pre,dhule
Boy,10,16,1,3,2,3,3,3,3,3,3,3,3,3,3,3,3,2,1,7,2,4,4,7,8,4,1,3,0,1,3,3,0,4,1,1,1,0,0,1,1,0,1,1,1,0,0,1,1,1,14-17 years,pre,dhule
Boy,10,17,1,3,3,3,1,3,1,1,3,2,1,3,3,3,1,4,3,6,6,7,7,6,8,7,3,1,3,2,3,3,2,4,1,1,1,1,1,1,1,1,1,1,1,0,0,1,1,1,14-17 years,pre,dhule
,8,,1,3,2,3,1,1,0,2,3,2,1,1,2,3,3,3,3,2,0,1,3,2,1,0,2,1,2,1,2,2,1,4,0,1,0,0,0,0,0,1,1,0,0,1,0,1,4,1,,pre,dhule
,7,,1,3,1,3,1,3,2,2,3,0,1,2,1,3,3,2,3,2,2,1,3,1,8,2,1,0,0,2,0,0,0,4,1,0,0,0,1,1,0,0,1,1,0,0,0,2,0,2,,pre,dhule
,6,,1,3,0,3,1,3,1,2,3,3,1,1,1,3,3,2,2,0,2,3,0,1,0,0,1,2,0,3,0,0,1,4,1,0,1,0,0,0,1,1,1,0,0,0,0,1,4,1,,pre,dhule
,,,1,1,0,0,2,0,0,0,0,0,2,0,1,0,0,2,3,0,0,0,0,0,0,0,0,0,1,0,0,0,0,2,0,1,0,0,0,1,1,0,0,0,1,0,0,1,4,1,,pre,dhule
,6,,2,2,1,2,1,3,1,2,2,1,2,1,2,1,2,7,5,1,3,2,2,1,1,3,3,1,2,0,1,2,1,2,1,1,1,1,1,1,1,1,1,0,1,1,0,2,6,1,,pre,dhule
,7,,0,1,2,1,2,2,1,2,2,1,3,2,2,1,1,3,0,0,0,0,0,0,0,0,0,0,0,0,0,0,0,0,1,0,1,1,1,0,1,1,0,1,1,1,0,,2,1,,pre,dhule
,9,,1,3,2,3,3,3,1,1,3,3,3,3,3,3,3,2,3,2,2,1,3,1,1,2,3,3,2,1,1,3,2,4,0,1,1,0,0,1,1,0,1,1,1,0,0,1,4,1,,pre,dhule
,8,,1,3,0,2,0,1,0,0,3,1,1,1,1,3,3,2,3,2,2,1,3,3,8,1,2,1,2,1,0,2,3,4,1,0,0,0,0,1,1,0,1,1,1,1,0,1,6,1,,pre,dhule
,8,,1,1,3,1,2,3,1,1,0,0,0,0,0,0,0,2,0,0,0,0,0,0,0,0,1,3,2,1,0,1,2,4,1,0,1,0,1,1,1,0,1,1,1,0,1,1,2,1,,pre,dhule
,7,,0,3,1,2,0,1,2,0,3,3,0,1,3,3,3,0,3,1,2,1,8,0,1,3,0,0,0,0,0,0,0,,,,,,,,,,,,,,,,,,,pre,dhule
,8,,1,3,0,3,0,3,0,2,3,3,1,1,1,3,3,2,,6,2,1,5,6,8,1,2,1,2,1,2,2,2,1,0,0,1,0,0,0,0,0,0,0,0,0,0,1,4,2,,pre,dhule
,7,,1,3,1,1,0,1,2,0,3,2,1,1,1,3,3,2,3,2,2,3,1,3,1,1,2,2,1,2,2,2,1,4,0,1,1,0,0,1,1,0,1,1,1,0,0,1,4,2,,pre,dhule
,,,2,3,3,3,3,3,3,3,1,2,1,2,0,0,0,1,2,0,0,0,0,0,0,0,3,3,1,2,1,0,0,2,0,1,0,0,0,1,1,0,1,1,0,0,0,0,0,1,,pre,dhule
Girl,9,14,1,3,2,3,3,3,3,3,3,2,3,3,3,3,3,4,3,6,6,7,4,6,8,4,3,1,2,1,1,2,2,4,1,1,1,0,1,1,1,0,1,1,1,0,0,1,1,1,14-17 years,pre,dhule
Girl,9,14,1,3,2,3,3,3,3,3,3,2,3,3,3,3,3,4,3,6,6,7,4,6,8,4,3,1,2,1,1,2,2,4,1,1,1,0,1,1,1,0,1,0,1,1,0,1,1,1,14-17 years,pre,dhule
Boy,10,16,1,3,2,1,3,3,3,3,3,2,1,3,3,3,3,4,1,2,2,5,1,2,8,5,3,1,2,1,3,1,2,4,1,1,1,0,1,1,1,0,1,1,1,0,0,1,1,1,14-17 years,pre,dhule
Boy,10,17,1,3,2,3,1,3,3,3,3,2,3,3,3,3,3,6,1,2,2,1,1,2,1,1,2,1,2,1,3,3,2,4,1,1,1,0,1,1,1,0,1,1,1,0,0,1,1,2,14-17 years,pre,dhule
Boy,10,16,1,3,3,3,3,3,3,3,3,2,3,3,3,3,3,2,1,2,2,1,8,2,1,7,2,1,2,2,1,1,2,4,1,0,1,1,1,1,0,0,1,0,1,0,0,1,1,1,14-17 years,pre,dhule
Boy,10,17,1,3,2,3,3,3,3,3,3,2,3,3,3,3,3,2,1,6,2,8,4,6,1,5,3,3,3,3,3,3,2,4,1,1,1,0,1,1,1,0,1,1,1,0,0,1,1,2,14-17 years,pre,dhule
,9,15,1,3,3,3,3,3,3,3,3,3,3,3,3,3,3,4,3,4,6,7,4,4,8,4,3,3,0,0,3,3,0,4,1,1,1,1,1,1,1,0,1,1,1,0,0,1,1,1,14-17 years,pre,dhule
,10,16,1,3,3,3,3,3,3,3,3,3,3,3,3,3,3,4,3,6,6,7,4,4,8,4,3,1,0,0,3,3,0,4,1,1,1,0,1,1,1,0,1,1,1,0,0,1,1,1,14-17 years,pre,dhule
Girl,10,16,1,3,2,3,3,3,3,3,3,3,3,3,3,3,1,4,4,7,7,5,4,7,8,4,3,3,0,3,2,2,3,4,1,1,1,0,1,0,1,1,1,1,1,1,1,1,1,1,14-17 years,pre,dhule
Girl,9,14,0,3,3,3,3,3,3,3,3,2,3,3,3,3,3,2,3,6,4,4,4,4,8,0,3,1,0,3,3,3,0,3,1,1,0,0,1,0,1,0,1,1,1,0,0,1,1,1,14-17 years,pre,dhule
Girl,9,13,1,3,3,3,3,3,3,3,3,2,3,3,3,3,3,2,2,6,6,8,8,6,8,7,3,3,2,1,1,2,1,4,1,1,1,0,0,1,1,1,1,1,1,1,0,1,3,1,10-13 years,pre,dhule
Girl,10,15,1,3,1,2,1,2,1,2,1,2,1,3,2,3,3,4,3,2,2,8,1,3,8,8,1,1,2,2,1,1,2,4,1,1,1,0,0,0,1,0,1,1,1,0,0,1,1,1,14-17 years,pre,dhule
Boy,10,16,1,3,0,3,3,3,3,3,3,2,1,0,0,3,1,4,4,4,6,4,4,4,5,5,3,3,0,3,3,1,2,4,1,1,1,0,0,1,1,0,1,1,1,1,0,1,1,1,14-17 years,pre,dhule
Girl,7,13,1,3,3,3,3,3,3,3,3,2,3,3,3,3,3,1,3,7,2,5,2,2,8,2,3,3,2,2,3,3,0,4,1,1,1,1,1,1,1,0,1,1,1,0,0,1,1,1,10-13 years,pre,dhule
Girl,7,13,1,3,3,3,3,3,3,3,3,3,3,3,3,3,3,3,3,7,7,2,8,6,1,1,3,3,2,3,3,3,1,4,1,1,1,1,1,1,1,0,0,1,1,1,0,0,1,1,10-13 years,pre,dhule
Girl,7,13,1,3,3,3,3,3,3,3,3,2,3,3,3,2,3,2,5,4,4,2,2,8,2,2,3,3,2,2,3,3,2,4,1,1,1,1,1,1,1,0,1,1,1,0,0,1,1,1,10-13 years,pre,dhule
Girl,7,13,1,3,3,3,3,3,3,3,3,2,3,3,3,3,3,2,1,4,4,2,2,7,2,2,3,3,2,2,3,3,2,4,1,1,1,1,1,1,1,0,1,1,1,0,0,1,1,1,10-13 years,pre,dhule
Boy,8,13,1,3,3,3,3,3,3,3,3,2,3,3,3,3,3,2,1,1,1,3,1,1,8,8,0,1,3,0,0,0,0,4,1,0,1,1,0,1,1,0,1,1,1,0,0,1,1,1,10-13 years,pre,dhule
Girl,8,13,1,3,3,3,3,3,3,3,3,2,3,3,3,3,3,2,3,7,7,4,4,4,8,4,3,3,2,2,2,3,2,4,1,1,1,0,1,1,1,0,1,1,1,0,0,1,1,1,10-13 years,pre,dhule
Girl,8,14,1,3,3,3,3,3,3,3,3,2,3,3,3,3,3,2,1,5,5,4,4,4,8,8,3,3,2,2,2,3,2,4,1,1,1,0,1,1,1,0,1,1,1,0,0,1,1,1,14-17 years,pre,dhule
Boy,8,13,1,3,3,3,3,3,3,3,3,2,3,3,3,3,3,2,3,1,1,5,1,1,8,8,0,1,3,0,0,0,0,4,1,1,1,1,0,1,1,0,1,1,1,0,0,1,0,1,10-13 years,pre,dhule
Boy,7,13,1,1,0,3,3,3,0,3,3,2,3,3,3,3,1,4,3,5,4,5,4,4,6,6,3,1,3,3,3,3,1,4,1,1,1,0,1,1,1,1,0,1,0,1,0,1,4,1,10-13 years,pre,dhule
Boy,8,14,1,3,0,3,3,3,0,3,3,2,3,3,3,3,1,3,3,4,4,4,4,4,6,6,3,1,3,3,3,3,2,4,1,1,1,0,1,1,1,1,1,0,1,0,1,1,3,1,14-17 years,pre,dhule
Girl,7,12,,3,0,0,0,0,0,0,0,2,0,0,0,0,0,2,0,1,1,5,0,6,0,2,2,2,1,0,0,0,1,4,1,0,1,0,0,0,1,0,0,0,0,0,0,1,0,0,10-13 years,pre,dhule
Girl,10,15,,2,0,0,0,2,0,0,2,0,0,0,0,0,0,2,1,1,6,2,0,1,2,0,0,0,0,0,0,0,0,0,0,0,0,0,0,0,0,0,0,0,0,0,0,1,0,1,14-17 years,pre,dhule
Boy,9,15,,3,1,3,3,3,3,1,3,0,1,3,0,2,1,1,0,1,1,1,0,1,0,0,1,1,0,0,0,0,0,0,0,0,0,0,0,0,0,0,0,0,0,0,0,0,2,1,14-17 years,pre,dhule
Girl,10,15,,0,0,0,0,0,0,0,0,0,0,0,0,0,0,0,0,0,0,0,0,0,0,0,2,0,0,0,0,0,0,0,1,0,1,0,1,0,0,0,0,0,0,0,0,2,1,1,14-17 years,pre,dhule
Boy,10,15,,3,0,3,1,3,3,1,3,0,3,3,0,3,3,1,1,4,1,1,4,1,4,1,1,1,2,3,1,2,2,4,1,0,1,0,1,1,1,0,1,1,0,0,1,1,1,1,14-17 years,pre,dhule
Boy,10,15,,3,2,3,3,3,1,1,3,1,3,0,1,3,3,1,2,3,1,2,6,7,1,1,0,1,0,0,0,0,0,4,1,0,0,0,0,0,0,1,0,0,0,0,0,1,3,1,14-17 years,pre,dhule
Boy,10,15,,3,3,3,3,3,3,3,3,3,3,3,3,3,3,4,1,4,4,4,4,4,4,4,1,1,1,1,0,1,2,4,1,1,1,1,1,1,1,1,1,1,1,0,0,1,4,1,14-17 years,pre,dhule
Boy,10,15,2,3,3,3,3,3,3,3,3,3,3,3,3,3,0,4,4,4,4,4,4,4,4,4,0,0,0,0,0,0,0,4,1,1,1,1,1,1,1,1,1,1,1,1,1,1,,0,14-17 years,pre,dhule
Girl,8,13,1,3,2,3,3,3,3,3,3,2,3,3,3,3,3,4,4,4,4,4,4,4,4,5,3,3,3,3,3,3,3,4,1,1,1,0,0,1,1,1,1,1,1,1,1,1,4,1,10-13 years,pre,dhule
Boy,7,14,1,3,3,3,3,3,3,3,3,2,3,3,3,3,3,2,1,6,1,6,5,1,6,6,3,3,2,3,3,3,2,4,1,1,1,0,1,1,1,0,1,1,1,0,0,1,3,1,14-17 years,pre,dhule
Girl,9,15,1,3,3,3,3,3,3,3,3,2,3,3,3,3,3,2,3,3,3,4,4,2,2,2,2,2,0,3,2,2,2,4,1,1,1,0,0,1,1,1,1,1,1,0,0,1,4,1,14-17 years,pre,dhule
Girl,7,12,1,3,2,3,3,3,3,3,3,2,3,2,2,3,3,2,3,5,4,2,5,8,8,8,3,3,0,3,3,3,0,4,1,1,1,0,1,1,1,1,1,0,1,0,0,1,2,1,10-13 years,pre,dhule
Girl,7,12,1,3,2,2,3,3,3,3,3,2,3,3,3,3,3,2,3,4,4,2,4,4,4,8,3,3,0,3,3,3,0,4,1,1,1,0,1,1,1,1,1,1,1,1,0,1,3,1,10-13 years,pre,dhule
Girl,7,13,1,3,3,3,3,3,3,3,3,3,3,3,3,3,3,3,3,4,4,4,4,4,8,8,3,3,0,3,3,3,0,4,1,1,1,0,1,1,1,1,1,1,1,1,1,1,3,1,10-13 years,pre,dhule
Boy,8,13,,3,2,3,3,3,3,1,3,2,3,3,3,3,3,2,1,1,1,2,8,1,2,2,1,1,0,3,1,2,1,4,1,1,1,0,1,0,1,1,0,1,1,1,0,1,2,1,10-13 years,pre,dhule
Boy,10,14,2,3,3,1,3,3,3,3,3,2,1,3,1,3,1,2,1,1,1,2,8,1,2,2,2,1,3,2,2,3,3,4,1,0,0,0,1,1,1,0,0,0,0,0,0,1,2,1,14-17 years,pre,dhule
Girl,9,15,,2,2,0,0,0,0,0,2,0,0,0,0,0,0,3,1,5,1,2,2,5,2,0,2,0,3,0,0,0,0,4,1,0,0,0,0,0,0,0,0,0,0,0,0,1,4,1,14-17 years,pre,dhule
Girl,9,14,,3,1,3,3,3,3,2,2,2,0,2,2,2,0,0,0,5,1,8,2,1,2,2,2,1,3,0,0,2,2,0,1,1,1,0,1,1,0,0,0,0,0,0,0,1,4,1,14-17 years,pre,dhule
Boy,8,13,,3,2,3,3,3,3,1,3,2,3,3,3,3,3,2,3,1,1,6,6,1,2,4,1,1,3,0,1,2,1,4,1,1,1,0,1,1,1,1,1,1,1,1,1,1,2,1,10-13 years,pre,dhule
Girl,8,14,,3,3,3,3,3,3,3,3,3,3,3,3,3,3,4,4,1,1,1,1,1,1,1,0,0,3,0,0,0,0,1,1,1,0,1,1,1,1,0,0,0,0,0,0,0,1,1,14-17 years,pre,dhule
Boy,7,12,1,3,3,3,3,3,3,3,3,2,3,3,3,3,1,4,4,5,5,5,5,1,1,2,3,3,3,3,3,3,3,4,1,1,1,0,0,1,1,1,1,0,1,0,0,1,1,1,10-13 years,pre,dhule
Boy,6,12,,3,3,3,3,3,3,3,3,2,3,3,0,3,1,4,4,1,1,3,4,1,8,2,3,3,3,3,3,3,3,4,1,1,1,0,0,1,1,1,0,0,1,0,0,1,3,0,10-13 years,pre,dhule
Girl,8,12,1,0,2,0,0,2,0,0,2,0,0,0,0,2,0,1,1,1,1,1,2,1,2,2,0,0,2,0,0,0,0,4,1,0,1,0,0,0,1,0,0,0,0,0,0,1,4,1,10-13 years,pre,dhule
Girl,8,12,1,2,2,3,0,0,0,0,2,0,0,0,0,2,0,2,1,1,1,1,2,1,2,3,3,3,3,2,1,3,2,4,1,0,1,0,0,0,1,0,0,0,0,0,0,1,3,1,10-13 years,pre,dhule
Girl,9,15,1,3,0,3,3,3,0,0,3,2,1,1,1,3,1,2,1,1,1,2,3,2,2,2,2,1,0,0,3,3,2,4,1,1,0,0,1,0,0,1,1,0,1,0,0,1,2,1,14-17 years,pre,dhule
Girl,9,15,1,2,0,0,0,0,0,0,0,2,0,0,0,0,0,2,1,0,0,0,0,0,0,0,0,0,0,0,0,1,0,1,1,1,0,0,0,0,0,0,0,1,0,0,0,1,4,1,14-17 years,pre,dhule
Girl,9,15,,2,2,2,2,2,2,2,2,2,2,2,2,2,2,2,3,6,6,2,7,5,2,5,0,0,0,0,0,0,0,4,1,1,1,0,0,0,1,1,0,0,0,0,0,1,3,1,14-17 years,pre,dhule
Girl,9,15,1,2,0,0,0,0,0,0,0,2,0,0,0,0,0,2,1,1,1,2,2,1,2,1,0,0,0,0,0,1,3,1,1,1,0,0,0,0,0,0,0,0,0,0,0,0,1,1,14-17 years,pre,dhule
Boy,10,16,1,3,0,0,0,3,0,0,1,2,1,1,2,1,1,2,3,1,1,5,0,0,0,0,3,1,2,0,2,1,0,4,1,1,1,0,0,0,0,0,1,0,0,0,0,1,1,0,14-17 years,pre,dhule
Boy,10,16,,3,2,3,3,3,3,3,3,2,3,3,3,3,1,3,2,7,1,4,8,4,8,2,0,0,0,0,0,0,3,4,1,0,0,0,0,1,1,1,1,1,0,0,1,1,1,0,14-17 years,pre,dhule
Boy,10,15,1,3,3,3,1,3,3,1,3,2,1,3,3,3,3,1,3,3,1,2,2,1,2,2,1,2,2,1,1,1,0,1,1,0,1,0,0,0,1,0,0,1,1,0,0,1,3,,14-17 years,pre,dhule
Boy,10,15,1,3,1,1,1,3,3,3,3,2,1,1,1,3,3,4,3,7,1,5,2,1,4,2,1,0,0,2,2,0,0,4,1,0,0,0,0,0,0,0,0,0,0,0,0,1,4,,14-17 years,pre,dhule
Boy,10,13,1,3,2,3,1,3,2,3,3,2,3,3,2,3,3,2,4,1,1,2,2,8,8,2,3,1,2,2,1,2,2,1,1,1,1,0,0,1,1,0,1,1,1,0,0,1,3,1,10-13 years,pre,dhule
Boy,8,14,,1,0,1,1,1,1,1,1,0,1,1,1,1,1,0,0,1,1,2,2,1,2,2,1,1,0,1,0,1,1,0,1,1,1,1,1,1,1,1,1,1,0,0,1,1,3,1,14-17 years,pre,dhule
Boy,8,14,,1,0,1,1,1,1,1,1,0,1,1,1,1,1,0,0,1,1,2,2,1,2,2,1,1,1,1,0,1,1,0,1,1,1,1,1,1,1,1,1,1,0,0,1,1,3,1,14-17 years,pre,dhule
Boy,7,13,,1,0,1,1,1,1,1,1,0,1,1,1,1,1,0,0,1,1,2,1,1,2,2,1,1,1,1,1,1,1,0,1,1,1,1,1,1,1,1,0,0,0,1,0,1,1,1,10-13 years,pre,dhule
Boy,7,13,,3,2,3,3,3,3,3,1,2,3,3,3,3,3,0,0,1,1,4,2,1,8,8,3,1,1,2,1,2,0,0,1,0,1,0,1,1,1,0,1,1,1,0,0,0,4,1,10-13 years,pre,dhule
Boy,10,16,2,3,3,3,3,3,3,1,3,3,3,3,3,3,0,4,4,1,1,0,0,1,0,0,1,1,2,1,1,2,0,0,1,0,1,0,1,1,0,1,0,0,0,1,1,0,4,1,14-17 years,pre,dhule
Boy,10,17,1,3,3,3,3,3,3,3,3,2,3,1,1,3,3,2,1,1,7,8,8,4,4,6,3,3,3,0,0,0,3,4,1,1,1,0,1,1,1,1,1,1,1,0,1,1,4,1,14-17 years,pre,dhule
Boy,9,15,1,3,0,3,3,1,2,1,3,2,3,3,1,3,3,2,2,1,1,8,7,8,8,2,2,3,3,2,3,3,2,4,1,1,1,0,0,0,1,1,1,0,0,0,0,1,4,1,14-17 years,pre,dhule
Boy,7,13,1,3,3,0,0,0,0,0,2,2,2,0,0,0,0,2,1,1,0,1,1,2,0,0,0,0,0,0,0,1,0,1,1,1,0,0,0,0,0,0,0,0,1,0,0,1,3,1,10-13 years,pre,dhule
Boy,9,15,1,3,2,3,3,3,3,3,3,3,3,3,3,3,3,2,3,4,1,8,1,8,8,8,2,0,0,0,0,0,0,3,1,0,0,0,0,0,1,1,1,0,0,0,0,1,4,1,14-17 years,pre,dhule
Boy,8,14,1,3,3,3,3,3,3,3,3,2,3,3,3,3,3,4,3,4,4,4,8,4,8,8,3,3,0,3,3,3,2,4,1,1,1,0,0,0,1,0,1,1,1,1,0,1,4,1,14-17 years,pre,dhule
Girl,9,15,1,3,3,3,3,3,3,3,3,3,3,3,3,3,3,1,1,1,1,2,2,2,3,2,1,1,2,0,0,0,0,4,1,0,0,0,0,0,0,0,0,1,0,0,0,1,,0,14-17 years,pre,dhule
Boy,9,14,1,3,2,3,3,3,2,2,3,2,3,3,2,3,3,2,3,7,7,2,1,2,2,2,0,0,1,2,3,2,0,0,1,1,0,0,0,0,1,1,0,0,0,0,0,1,1,1,14-17 years,pre,dhule
Girl,10,16,1,3,3,3,3,3,3,3,3,2,3,3,1,3,1,0,0,7,7,5,8,7,4,7,3,1,2,3,3,3,2,4,1,1,1,0,0,1,1,1,1,0,1,0,0,1,1,1,14-17 years,pre,dhule
Boy,9,14,1,3,3,3,3,3,3,3,3,2,3,3,3,3,3,2,3,1,1,5,4,7,2,7,3,1,0,3,3,1,2,4,1,1,1,0,1,1,1,1,1,1,1,1,0,1,3,1,14-17 years,pre,dhule
Girl,9,14,,3,3,3,1,3,3,3,1,2,1,1,1,2,1,0,0,7,7,2,8,8,2,2,2,1,2,2,1,2,2,4,1,0,0,0,0,0,1,1,1,0,1,0,0,1,1,1,14-17 years,pre,dhule
Girl,9,14,,3,3,3,3,3,3,3,3,2,3,3,3,3,3,4,2,7,7,5,4,7,2,4,3,3,0,0,0,0,0,4,1,1,1,0,0,1,1,1,1,1,1,1,1,1,1,1,14-17 years,pre,dhule
Boy,9,14,,3,3,3,3,3,3,3,3,2,3,3,3,3,1,0,0,1,1,5,4,1,7,4,1,1,2,2,2,3,0,4,1,0,1,0,0,0,0,1,0,1,1,1,1,1,3,1,14-17 years,pre,dhule
Boy,10,16,1,3,3,3,3,3,3,3,3,2,3,3,3,3,1,2,1,7,4,2,7,2,4,7,1,1,0,0,0,0,1,4,1,0,1,1,1,1,1,1,1,1,1,0,0,1,3,1,14-17 years,pre,dhule
Boy,9,14,1,3,3,3,3,3,3,3,3,3,3,3,1,2,1,4,1,1,1,5,7,1,2,4,3,1,2,1,1,2,1,4,1,1,1,1,1,0,1,1,1,1,1,0,0,1,3,1,14-17 years,pre,dhule
Boy,10,15,2,3,3,3,0,3,0,3,3,2,3,3,3,3,0,2,3,2,2,7,4,4,2,4,1,1,0,0,1,3,1,0,1,0,1,0,0,1,0,0,0,1,1,1,1,1,2,1,14-17 years,pre,dhule
Boy,10,15,2,3,3,3,3,3,3,1,3,3,3,2,3,3,1,1,2,1,2,4,8,2,4,3,3,3,1,3,3,3,3,4,1,1,1,1,1,1,1,1,1,1,1,1,1,1,3,1,14-17 years,pre,dhule
Boy,10,15,2,3,3,3,3,3,3,0,3,2,3,2,3,3,1,2,3,7,0,2,4,4,2,2,1,1,2,2,2,1,2,4,1,0,1,0,0,1,1,1,1,1,1,0,0,1,4,1,14-17 years,pre,dhule
Boy,10,15,1,3,3,3,3,3,3,3,3,2,3,3,3,3,3,4,2,4,1,7,2,2,7,7,1,1,1,2,2,2,2,4,1,1,1,0,1,1,0,1,0,0,1,1,1,0,4,1,14-17 years,pre,dhule
Boy,9,14,1,3,3,3,3,3,3,3,3,2,3,3,3,3,1,0,0,1,1,7,4,4,8,4,1,1,1,2,1,2,2,0,1,1,1,0,0,0,1,0,1,1,1,1,0,1,3,1,14-17 years,pre,dhule
Girl,9,14,1,0,0,3,0,0,0,0,0,0,0,0,0,0,0,2,1,1,1,2,8,2,2,2,0,0,0,0,0,1,2,1,1,0,0,0,0,0,0,0,0,0,1,0,1,1,3,1,14-17 years,pre,dhule
Girl,9,14,1,0,0,0,0,3,0,0,1,0,2,0,0,0,0,4,3,1,1,2,2,1,8,7,2,1,1,0,0,1,2,4,1,1,0,0,0,0,1,1,1,0,0,0,0,1,2,1,14-17 years,pre,dhule
Girl,9,15,2,0,0,0,0,3,0,0,3,0,3,0,0,0,0,3,2,1,7,0,4,4,8,8,1,1,2,0,0,1,2,4,,1,0,0,0,0,0,1,0,0,1,0,0,0,2,1,14-17 years,pre,dhule
Girl,10,16,1,2,0,0,0,0,0,0,0,0,0,0,0,0,2,2,1,7,7,2,2,7,0,2,0,0,0,0,0,1,0,1,1,1,1,0,0,1,0,0,0,0,0,0,1,1,3,1,14-17 years,pre,dhule
Boy,9,16,2,1,0,0,0,0,0,0,3,2,3,3,1,1,0,4,2,1,7,2,1,1,2,2,1,1,2,0,1,1,2,4,1,1,1,1,1,1,0,1,0,0,0,1,0,0,4,1,14-17 years,pre,dhule
Boy,9,12,,3,2,3,3,3,3,1,3,3,3,3,3,3,3,2,1,7,1,2,4,7,2,2,1,3,1,0,0,3,1,4,1,1,1,0,0,1,1,1,0,0,0,1,0,1,2,1,10-13 years,pre,dhule
Boy,10,16,1,3,2,3,3,3,3,1,3,3,2,3,3,3,3,2,1,7,1,2,8,7,2,2,1,3,1,0,0,3,2,4,1,1,1,0,0,1,1,1,1,0,1,0,1,1,2,1,14-17 years,pre,dhule
Boy,10,16,2,3,2,3,1,3,1,1,3,2,3,3,1,3,0,1,1,1,2,2,4,2,2,2,0,1,2,0,1,3,1,4,1,0,1,0,1,1,1,1,1,1,1,0,0,1,2,1,14-17 years,pre,dhule
Boy,7,14,1,0,0,0,0,0,0,0,0,0,0,0,0,0,0,0,0,1,1,1,1,1,1,1,0,0,0,0,0,0,0,0,0,0,0,0,0,0,0,0,0,0,0,0,0,0,4,0,14-17 years,pre,dhule
Girl,9,14,1,0,0,0,0,2,0,0,0,2,0,0,0,0,0,3,1,1,1,0,2,1,0,2,0,0,0,0,0,0,2,4,0,0,0,0,0,0,0,0,0,0,0,0,0,0,1,1,14-17 years,pre,dhule
Girl,10,15,1,3,3,3,3,3,3,3,3,3,3,3,3,3,3,2,1,7,7,2,4,7,2,4,2,1,2,2,1,1,2,4,1,0,1,0,0,1,1,0,1,1,1,1,0,1,1,1,14-17 years,pre,dhule
Boy,10,15,1,3,3,1,3,3,3,1,3,2,3,1,1,3,1,2,3,1,1,5,8,7,8,8,3,1,1,1,3,1,2,4,1,1,1,0,0,1,1,0,1,1,1,0,0,1,1,1,14-17 years,pre,dhule
Boy,10,15,1,3,3,3,3,3,3,3,3,2,3,3,3,1,3,2,3,1,1,5,8,1,8,8,1,1,2,3,3,1,2,4,1,1,1,0,1,1,1,0,1,1,1,0,0,1,1,1,14-17 years,pre,dhule
Boy,9,15,1,3,3,3,3,3,3,3,3,3,3,3,3,3,3,4,3,1,1,5,5,7,8,8,3,3,2,3,1,3,2,4,1,1,1,0,1,1,1,0,1,1,1,0,0,1,1,1,14-17 years,pre,dhule
Girl,10,14,1,3,2,3,3,3,3,3,3,3,3,3,3,3,3,2,2,1,1,6,2,7,8,8,3,3,2,1,3,3,2,4,1,1,1,0,1,1,1,1,1,1,1,1,1,1,1,1,14-17 years,pre,dhule
Girl,10,14,1,3,2,3,3,3,3,3,3,1,3,2,3,3,3,2,1,3,1,2,2,7,2,2,1,1,2,1,2,3,1,4,1,1,1,0,1,1,1,0,1,1,1,0,0,1,2,1,14-17 years,pre,dhule
Boy,10,15,1,3,3,3,3,3,3,3,3,2,3,3,3,3,1,2,3,1,2,2,1,2,0,3,1,2,2,2,1,2,2,4,1,1,1,0,1,1,1,0,1,1,1,1,1,1,3,1,14-17 years,pre,dhule
Girl,10,16,1,3,2,3,3,3,3,3,3,3,3,3,3,3,3,4,4,7,7,4,4,4,8,4,3,3,2,3,3,2,3,4,1,1,1,0,1,1,1,1,1,1,1,0,0,1,4,1,14-17 years,pre,dhule
Girl,10,16,1,3,3,3,3,3,3,3,3,3,3,3,2,3,3,3,1,7,7,4,4,7,8,4,2,1,2,3,3,3,2,4,1,1,1,0,1,1,1,1,1,0,1,0,1,1,4,1,14-17 years,pre,dhule
Girl,10,15,1,3,3,3,3,3,3,3,3,2,3,3,3,3,1,2,3,7,7,2,8,5,8,8,3,1,1,2,2,1,2,4,1,1,1,0,0,1,1,1,1,1,1,0,0,1,2,1,14-17 years,pre,dhule
Girl,10,15,1,3,2,3,3,3,3,3,3,2,3,3,3,3,3,2,3,1,1,2,2,3,2,2,2,1,1,1,2,2,2,4,1,1,1,0,1,1,1,0,0,1,1,0,0,1,4,1,14-17 years,pre,dhule
Girl,10,15,1,3,0,3,3,3,3,3,3,2,3,3,3,3,3,4,4,1,1,2,2,7,8,2,3,1,0,3,3,3,2,4,1,1,1,0,1,1,1,1,1,1,1,0,0,1,3,1,14-17 years,pre,dhule
Girl,9,14,2,3,3,2,2,2,2,2,2,2,2,2,2,2,1,2,1,7,1,2,2,5,0,2,3,3,0,0,3,3,0,4,1,1,1,0,1,1,0,0,0,0,0,1,1,1,4,1,14-17 years,pre,dhule
Girl,10,15,1,3,3,1,1,3,1,3,3,2,1,3,3,1,1,4,4,7,7,2,2,7,8,4,1,3,0,1,2,3,2,1,1,1,1,0,0,1,0,0,1,1,0,1,0,1,1,1,14-17 years,pre,dhule
Girl,9,13,1,3,3,3,3,3,3,3,3,3,3,3,3,3,3,2,3,7,1,2,2,6,2,2,3,1,0,3,0,3,1,4,1,1,1,1,1,1,1,1,1,1,1,1,1,1,3,1,10-13 years,pre,dhule
Girl,9,15,2,1,3,3,3,3,3,3,3,3,3,2,3,3,3,4,3,7,7,4,4,4,1,7,3,3,3,2,3,3,2,4,1,1,0,0,1,1,0,1,0,1,0,0,1,1,3,1,14-17 years,pre,dhule
Girl,9,15,1,3,3,3,3,3,3,3,3,3,3,3,3,3,3,2,3,7,7,5,4,4,8,4,1,1,2,2,2,1,2,4,1,1,1,0,1,1,1,0,1,1,1,0,0,1,4,1,14-17 years,pre,dhule
Girl,9,14,1,3,3,3,3,3,3,3,2,3,3,3,3,3,3,2,3,7,7,4,8,4,8,4,1,1,2,2,3,3,1,4,1,1,1,0,0,0,1,0,1,1,1,0,1,1,1,0,14-17 years,pre,dhule
Girl,9,14,1,3,3,3,3,3,3,3,3,3,1,3,3,3,3,4,3,6,2,2,4,8,4,4,3,3,2,1,2,3,3,4,1,1,1,0,1,0,1,0,1,0,1,0,0,1,1,1,14-17 years,pre,dhule
Girl,10,15,1,3,3,3,3,3,3,3,3,3,3,3,3,3,3,4,3,4,4,4,4,4,8,8,3,1,2,2,3,3,0,4,1,1,1,1,1,1,1,1,1,1,1,0,0,1,1,1,14-17 years,pre,dhule
Girl,10,15,1,3,3,3,3,3,3,3,3,3,3,3,3,3,3,2,3,3,1,2,8,3,8,5,3,3,0,1,3,3,0,4,0,0,0,0,0,0,0,0,0,0,0,0,0,1,1,1,14-17 years,pre,dhule
Girl,10,16,1,3,3,3,3,3,3,3,3,3,3,3,3,3,3,2,3,1,8,8,8,8,8,,3,3,3,1,3,2,2,4,1,1,1,0,1,1,1,1,1,1,1,1,1,1,4,1,14-17 years,pre,dhule
Girl,10,15,1,3,2,3,1,3,3,3,3,3,3,3,3,3,3,2,1,7,7,7,7,7,2,8,3,1,0,2,3,2,0,4,1,1,1,1,1,1,1,1,1,1,1,1,1,1,1,1,14-17 years,pre,dhule
Girl,10,15,2,3,3,3,3,3,3,3,3,3,3,3,3,3,3,0,4,1,4,5,2,8,8,4,2,3,0,0,3,2,3,4,1,1,1,0,1,1,1,1,1,1,1,0,0,1,1,1,14-17 years,pre,dhule
Girl,10,16,2,3,2,3,1,3,3,3,3,2,3,1,1,3,3,2,3,7,7,2,8,4,8,2,3,1,2,1,3,2,3,4,1,1,1,0,1,1,1,1,1,0,1,0,0,1,1,1,14-17 years,pre,dhule
Girl,10,15,1,3,2,1,1,3,3,3,3,2,1,3,0,3,3,4,3,7,7,2,8,4,8,8,3,1,2,1,3,3,0,4,1,1,1,0,1,1,1,1,1,1,1,0,0,1,1,1,14-17 years,pre,dhule
Girl,9,14,1,3,2,3,3,3,3,3,3,2,3,3,3,3,1,2,3,7,7,8,4,2,4,7,2,1,2,2,1,1,2,2,1,1,1,0,1,1,1,0,1,1,1,1,0,1,4,1,14-17 years,pre,dhule
Girl,9,13,1,3,0,3,1,3,3,3,3,3,1,3,2,3,1,2,4,7,7,4,4,8,0,0,1,3,3,0,3,3,0,4,1,1,1,1,1,1,1,1,1,1,1,1,1,1,4,1,10-13 years,pre,dhule
Boy,9,14,1,3,3,3,3,0,3,0,3,3,3,3,3,3,0,2,1,1,1,7,7,7,4,2,3,1,0,2,3,2,0,4,1,1,1,1,1,1,1,1,1,1,0,1,0,0,1,1,14-17 years,pre,dhule
Boy,10,15,1,3,3,3,1,3,3,3,3,2,3,3,3,3,3,3,1,1,1,2,4,1,8,4,2,1,0,2,3,3,2,4,1,1,1,0,1,1,1,1,1,1,1,1,0,0,2,1,14-17 years,pre,dhule
Boy,10,15,1,3,3,3,1,3,2,3,3,2,3,3,3,3,3,4,3,1,1,4,4,1,4,4,2,3,0,2,3,3,0,4,1,1,0,0,0,0,1,1,1,1,1,1,0,1,2,1,14-17 years,pre,dhule
Girl,9,14,1,3,3,1,3,3,3,1,3,2,3,3,3,3,3,2,3,7,1,2,8,7,2,4,3,1,3,3,1,2,2,4,1,1,1,0,1,1,1,1,0,0,0,1,1,1,2,1,14-17 years,pre,dhule
Girl,9,15,1,3,1,3,0,3,3,1,3,2,3,3,3,3,3,3,3,1,6,5,8,2,8,6,3,1,3,3,3,3,0,4,0,0,0,0,0,1,1,0,0,0,0,0,0,1,1,1,14-17 years,pre,dhule
Girl,9,14,1,3,1,3,0,3,3,3,3,2,3,3,3,3,3,2,3,6,1,2,8,6,2,4,3,1,3,3,3,1,2,4,1,1,1,0,1,1,1,1,0,0,0,1,1,1,4,1,14-17 years,pre,dhule
Girl,9,14,1,3,0,0,0,3,3,0,3,2,3,3,1,3,3,2,4,1,6,2,4,4,8,8,3,3,1,2,3,3,2,1,1,1,1,0,1,1,1,0,0,1,1,1,0,1,2,1,14-17 years,pre,dhule
Boy,9,14,1,3,2,3,3,3,2,3,3,2,3,3,3,3,1,2,2,1,1,4,4,7,4,4,3,1,3,3,3,3,2,4,1,1,1,1,1,1,0,1,1,1,1,1,1,1,2,1,14-17 years,pre,dhule
Girl,9,16,1,3,0,3,3,0,3,0,3,3,3,0,0,3,3,3,1,1,1,8,2,1,0,7,3,3,0,3,3,3,0,4,1,1,0,1,0,0,1,0,1,0,0,0,0,1,1,1,14-17 years,pre,dhule
Girl,10,16,2,3,3,0,0,3,0,0,3,0,0,0,0,0,3,3,0,1,1,2,2,1,2,2,3,3,0,3,0,0,0,0,1,1,1,0,0,0,0,1,0,1,0,0,0,1,1,1,14-17 years,pre,dhule
Girl,10,17,1,3,3,3,0,0,3,0,3,3,3,1,3,3,0,3,2,1,1,8,8,1,2,2,3,3,0,3,3,3,0,1,1,1,1,0,0,1,1,0,1,1,0,0,1,1,1,1,14-17 years,pre,dhule
Girl,10,16,1,3,0,1,0,0,3,3,3,0,3,0,3,3,0,2,3,1,1,2,1,2,2,0,3,3,0,0,0,0,0,4,1,0,0,0,0,0,1,0,1,0,0,0,0,1,1,1,14-17 years,pre,dhule
Boy,10,16,2,3,3,3,3,3,3,0,3,3,3,3,3,3,3,3,4,1,1,4,4,4,8,4,3,3,3,3,3,3,3,4,1,1,1,0,1,1,1,1,0,1,1,1,1,1,1,1,14-17 years,pre,dhule
Boy,6,12,1,3,0,1,0,3,0,1,3,2,1,1,3,3,2,2,3,1,0,0,0,0,0,0,1,0,0,1,2,0,0,1,0,0,1,0,0,1,0,0,1,1,1,0,0,1,4,0,10-13 years,pre,dhule
Boy,6,12,1,3,0,3,1,3,0,1,2,1,2,1,0,1,0,2,3,3,2,0,0,3,1,1,1,1,2,1,2,3,1,3,1,1,1,1,1,1,1,0,1,1,0,0,1,0,1,0,10-13 years,pre,dhule
Girl,8,14,,3,1,3,1,3,1,2,3,3,1,2,1,3,3,2,1,1,1,3,4,5,8,2,2,1,2,3,3,3,2,4,1,0,1,0,0,0,1,1,1,1,1,0,0,1,4,0,14-17 years,pre,dhule
Girl,7,13,1,0,1,0,2,0,0,0,0,3,1,2,0,3,0,3,3,1,0,0,0,0,0,0,2,1,2,2,2,3,3,4,1,0,1,0,0,1,1,1,0,1,0,0,0,0,4,1,10-13 years,pre,dhule
Girl,7,13,1,1,2,1,3,3,1,1,0,0,0,0,0,0,0,2,3,1,2,4,3,2,3,4,0,0,0,0,0,0,0,3,1,0,1,1,0,1,1,0,1,1,1,0,1,0,4,1,10-13 years,pre,dhule
Boy,6,11,1,3,2,1,2,1,3,1,2,1,3,2,1,2,1,3,2,1,0,0,0,0,0,0,1,2,1,2,1,3,1,4,1,1,0,1,0,1,1,1,1,1,1,1,1,0,2,1,10-13 years,pre,dhule
Boy,6,11,1,1,2,3,2,1,2,1,2,1,2,1,3,2,2,2,3,1,0,0,0,0,0,0,0,0,0,0,0,0,0,2,1,0,1,1,1,1,0,1,1,0,1,1,1,1,2,0,10-13 years,pre,dhule
Girl,9,15,1,3,0,3,1,3,1,2,3,3,1,1,1,3,3,3,3,2,0,1,0,8,0,0,2,0,2,2,2,0,2,4,1,1,1,0,0,1,1,0,1,1,1,0,0,1,2,1,14-17 years,pre,dhule
Girl,9,15,1,3,1,3,1,3,3,2,3,3,1,1,1,3,3,2,3,7,1,5,2,6,2,2,2,0,0,2,0,1,0,4,1,1,0,0,1,0,1,0,1,1,1,0,0,0,1,1,14-17 years,pre,dhule
Girl,8,13,1,3,0,1,0,3,1,2,3,3,1,0,0,2,2,2,3,2,0,0,0,0,0,0,2,1,2,0,2,0,2,2,0,0,0,1,0,0,0,0,0,1,0,0,0,1,4,0,10-13 years,pre,dhule
Girl,7,12,1,1,3,1,2,1,2,1,2,1,3,3,1,2,1,3,3,1,4,3,1,4,1,1,1,2,1,2,1,3,2,1,1,1,0,1,1,1,0,1,1,1,1,0,1,1,2,0,10-13 years,pre,dhule
Girl,9,14,1,3,1,3,2,3,3,2,3,3,1,1,1,3,3,2,3,1,6,2,5,4,8,8,2,1,2,3,1,3,2,4,1,1,1,0,0,1,1,0,1,1,1,0,0,1,4,1,14-17 years,pre,dhule
Girl,9,14,1,3,2,1,1,3,0,2,3,1,1,1,0,3,3,2,3,1,2,3,4,0,2,5,2,1,2,1,1,2,2,4,0,1,1,0,0,1,1,0,1,1,1,0,0,1,2,1,14-17 years,pre,dhule
Girl,6,11,1,1,0,2,0,0,0,0,2,1,1,1,0,3,2,1,3,1,3,2,4,0,2,5,0,0,0,0,0,0,0,4,0,1,1,0,0,1,0,1,0,0,0,0,0,1,4,1,10-13 years,pre,dhule
Girl,7,12,1,3,0,3,1,0,3,1,2,1,3,0,1,2,2,3,2,4,5,6,1,2,1,3,2,1,2,0,1,2,1,2,1,0,1,0,1,1,1,0,1,0,1,0,1,0,2,0,10-13 years,pre,dhule
Girl,6,10,1,1,0,0,1,2,0,0,1,0,2,0,0,0,0,3,3,1,3,2,0,0,2,0,2,1,2,2,1,2,0,4,0,1,0,0,1,1,0,1,0,0,0,0,0,1,3,1,10-13 years,pre,dhule
Boy,8,13,1,3,3,3,3,3,3,3,3,2,3,3,3,3,3,2,1,1,1,2,4,1,8,2,3,1,3,3,3,3,2,4,1,1,1,0,0,1,1,0,1,1,1,0,0,1,1,1,10-13 years,pre,dhule
Girl,8,13,1,3,3,3,3,3,3,3,3,2,3,3,3,3,3,2,1,6,7,2,8,1,2,7,3,3,2,2,3,3,2,4,1,1,1,1,1,1,1,0,1,1,1,0,0,1,1,1,10-13 years,pre,dhule
Girl,8,13,1,3,3,3,3,3,3,3,3,2,3,3,3,3,3,2,1,7,7,2,8,1,2,7,3,3,2,2,3,3,2,4,1,1,1,1,1,1,1,0,1,1,1,0,0,1,1,1,10-13 years,pre,dhule
Girl,7,12,1,3,3,3,3,3,3,3,3,2,2,3,3,3,3,2,1,7,7,2,8,7,2,2,3,3,2,2,3,3,2,4,1,1,1,1,1,1,1,0,1,1,1,0,0,1,1,1,10-13 years,pre,dhule
Boy,7,12,1,0,0,0,0,0,0,0,3,2,3,3,3,3,3,2,1,7,8,7,8,7,2,2,3,3,2,2,3,3,2,4,1,1,1,1,1,1,1,0,1,1,1,0,0,1,1,1,10-13 years,pre,dhule
Girl,7,12,1,3,3,3,3,3,3,3,3,2,3,3,3,3,3,2,3,7,7,2,8,7,2,2,3,3,2,2,3,3,2,4,1,1,1,1,1,1,1,0,1,1,1,0,0,1,1,1,10-13 years,pre,dhule
Boy,7,13,1,3,3,3,3,3,3,3,3,2,3,3,3,3,3,2,3,7,8,2,2,1,2,2,3,3,2,2,3,3,2,4,1,1,1,1,1,1,1,0,1,1,1,0,0,1,1,1,10-13 years,pre,dhule
Boy,8,13,1,3,3,3,3,3,3,3,3,2,3,3,3,3,3,2,1,1,1,2,4,1,8,2,3,1,2,3,3,3,2,4,1,1,1,0,0,1,1,0,1,1,1,0,0,1,1,1,10-13 years,pre,dhule
Girl,7,13,1,3,3,3,0,3,0,3,3,2,1,1,2,3,3,2,1,7,7,2,8,7,2,2,3,3,3,3,3,3,3,4,1,1,1,1,1,1,1,0,1,1,1,0,0,1,1,1,10-13 years,pre,dhule
Boy,7,12,1,3,3,3,3,3,3,3,3,2,3,3,3,3,3,2,3,4,4,4,8,4,4,2,3,3,1,2,3,2,0,4,1,1,1,1,1,1,1,0,0,0,1,1,1,1,1,1,10-13 years,pre,dhule
Girl,7,13,1,3,3,3,0,3,0,3,3,2,1,1,2,3,3,2,1,7,7,8,8,7,2,2,3,3,3,3,3,3,3,4,1,1,1,1,1,1,1,0,1,1,1,0,0,1,1,1,10-13 years,pre,dhule
Boy,7,13,2,3,3,3,3,3,3,3,3,2,3,3,3,3,3,2,1,1,1,2,2,1,2,2,3,3,3,3,3,3,3,4,1,1,1,1,1,1,1,0,1,1,1,0,0,1,1,1,10-13 years,pre,dhule
Girl,8,14,1,3,3,3,3,3,3,3,3,2,3,3,3,3,3,3,2,1,1,2,8,1,1,2,3,1,2,2,3,3,3,4,1,1,1,1,1,1,1,0,1,1,1,0,0,1,1,1,14-17 years,pre,dhule
Boy,8,14,1,3,3,3,3,3,3,3,3,2,3,3,3,3,3,3,1,1,1,8,1,1,8,2,3,1,2,2,3,1,3,1,1,1,1,1,1,1,1,0,1,1,1,0,0,1,1,1,14-17 years,pre,dhule
Girl,8,13,1,3,2,1,3,3,3,3,3,2,3,3,3,3,3,2,1,7,7,2,2,7,2,2,3,3,3,3,1,3,0,4,1,1,1,1,1,1,1,1,1,1,1,0,0,1,1,1,10-13 years,pre,dhule
Girl,8,14,1,3,2,1,3,3,3,3,3,2,3,3,3,3,3,2,1,7,5,2,2,1,8,2,3,3,2,3,1,3,0,4,1,1,0,0,0,0,1,0,1,0,1,0,0,1,1,1,14-17 years,pre,dhule
Girl,10,16,1,3,2,3,1,3,3,1,3,2,1,1,1,3,1,2,3,1,1,7,8,1,8,4,1,1,2,2,3,3,3,4,1,1,0,0,0,0,0,0,1,0,0,0,0,1,1,1,14-17 years,pre,dhule
Boy,9,15,1,3,2,3,1,1,1,1,3,2,1,3,3,3,1,4,1,7,7,7,8,1,8,7,1,1,2,3,2,1,1,4,1,1,1,0,0,0,1,0,1,0,0,0,0,1,1,1,14-17 years,pre,dhule
Girl,9,15,2,3,0,3,1,3,1,1,3,2,1,1,2,2,1,2,1,1,8,8,2,7,8,4,1,1,2,2,2,1,1,4,1,1,0,0,0,0,1,0,1,0,1,0,0,1,1,1,14-17 years,pre,dhule
Girl,10,15,1,3,2,3,3,3,3,3,3,2,3,3,3,3,3,4,3,7,7,4,0,4,0,4,3,1,2,3,3,3,1,4,1,1,0,0,0,0,1,0,0,1,1,0,0,1,4,1,14-17 years,pre,dhule
Girl,8,13,1,3,2,3,3,3,3,3,3,3,3,3,3,3,3,3,1,7,7,7,7,4,8,7,3,3,3,3,3,3,2,4,1,1,0,0,0,0,1,0,0,0,0,0,0,1,4,1,10-13 years,pre,dhule
Girl,9,14,1,3,2,3,3,3,3,3,3,3,3,3,3,3,3,4,3,7,7,4,4,8,7,7,3,3,3,3,3,3,0,4,1,1,0,0,0,0,1,0,0,1,1,0,0,1,4,1,14-17 years,pre,dhule
Girl,10,15,1,3,2,3,3,3,3,3,3,2,3,3,3,3,3,4,4,7,7,4,4,4,8,7,3,1,3,3,3,3,0,4,1,1,0,0,0,0,1,0,1,1,1,0,0,1,4,1,14-17 years,pre,dhule
Girl,8,13,1,3,2,3,3,3,3,3,3,3,3,3,3,3,3,4,4,7,7,8,7,4,4,2,3,1,3,3,3,3,0,4,1,1,1,0,1,1,1,1,1,1,1,0,0,1,3,1,10-13 years,pre,dhule
Girl,8,13,1,3,2,3,3,3,3,3,3,3,3,3,3,3,3,4,4,7,7,8,8,4,4,8,3,1,3,3,3,3,0,4,1,1,1,0,1,1,1,1,1,1,1,0,0,1,3,1,10-13 years,pre,dhule
Boy,8,13,1,3,2,3,3,3,3,3,3,3,3,3,3,3,3,4,1,1,1,7,4,1,2,2,3,1,3,2,1,3,2,4,1,1,1,0,0,1,1,0,1,1,1,0,0,1,3,1,10-13 years,pre,dhule
Boy,8,13,1,3,2,3,3,3,3,3,3,3,3,3,3,3,3,4,1,1,1,7,4,1,2,2,3,1,3,2,1,3,2,4,1,1,1,0,0,1,1,0,1,1,1,0,0,1,3,1,10-13 years,pre,dhule
Boy,7,12,2,3,2,3,3,3,3,1,2,1,2,2,1,1,2,0,1,1,1,2,2,4,1,5,2,1,3,2,1,1,2,0,0,1,1,0,1,0,1,0,1,1,1,0,0,1,2,1,10-13 years,pre,dhule
Girl,7,12,1,3,2,3,3,1,3,3,3,2,1,3,0,3,1,3,3,7,7,2,4,7,2,3,1,2,3,3,3,2,1,4,1,0,0,0,0,0,1,1,1,1,1,0,1,1,2,1,10-13 years,pre,dhule
Girl,7,12,1,3,2,3,3,1,3,1,3,3,1,3,0,3,3,2,1,7,1,2,8,4,8,4,3,1,2,1,3,1,2,4,1,1,1,0,1,1,1,1,1,1,1,0,0,1,2,1,10-13 years,pre,dhule
Boy,7,12,2,3,2,3,3,3,3,1,3,2,1,1,2,2,1,0,1,1,1,2,8,4,1,5,2,1,3,2,1,1,2,0,0,1,1,0,1,0,1,0,1,1,1,0,0,1,2,1,10-13 years,pre,dhule
Girl,8,13,1,3,2,1,1,3,3,3,3,2,3,3,3,3,3,2,1,3,8,2,2,3,2,2,1,1,1,1,3,3,1,4,1,1,1,0,1,1,1,0,1,1,1,1,0,1,1,1,10-13 years,pre,dhule
Boy,10,15,1,3,3,3,3,3,3,3,3,2,3,1,3,3,3,3,3,7,7,7,4,4,7,2,1,1,1,2,1,1,1,0,1,1,1,1,1,1,1,1,1,1,1,1,1,1,4,1,14-17 years,pre,dhule
Boy,9,15,1,3,3,3,3,3,3,3,3,2,3,1,3,3,3,2,3,1,1,5,5,2,8,8,2,3,3,3,1,1,2,4,1,1,1,0,1,1,1,1,1,1,1,0,0,1,1,1,14-17 years,pre,dhule
Boy,8,14,1,3,3,3,3,3,3,3,3,2,3,1,3,3,3,4,3,1,1,5,5,1,8,8,2,3,3,3,1,1,2,4,1,1,1,0,1,1,1,1,1,1,1,1,1,1,4,1,14-17 years,pre,dhule
Boy,9,14,1,3,3,3,3,3,3,3,3,3,3,3,3,2,3,4,3,1,1,6,5,5,8,8,2,3,3,3,1,1,2,4,1,1,1,0,1,1,1,1,1,1,1,0,0,1,4,1,14-17 years,pre,dhule
Girl,7,13,1,3,3,3,3,3,3,3,3,2,1,3,3,3,3,2,1,5,5,2,8,5,2,3,3,3,3,3,3,2,2,4,1,1,1,1,1,1,1,0,1,1,1,0,0,1,1,1,10-13 years,pre,dhule
Girl,7,13,1,3,3,3,3,3,3,3,3,2,1,3,3,3,3,2,1,5,5,2,8,5,8,2,3,3,3,3,1,3,2,4,1,1,1,1,1,1,1,0,1,1,1,1,1,1,1,0,10-13 years,pre,dhule
Girl,8,14,1,3,2,1,1,3,3,3,1,2,1,1,1,3,1,2,1,5,8,1,0,0,2,2,3,3,3,3,3,3,2,1,1,1,1,0,1,1,1,1,1,1,1,1,1,1,1,1,14-17 years,pre,dhule
Boy,8,14,1,3,3,3,3,1,3,3,3,2,1,3,3,3,1,4,1,5,1,5,4,2,4,3,2,3,3,3,1,2,1,4,1,1,1,1,1,0,1,1,1,0,0,0,0,1,4,1,14-17 years,pre,dhule
Boy,8,14,1,3,3,3,3,1,3,3,3,2,1,3,3,3,1,1,1,1,1,2,2,1,2,7,3,3,3,3,3,3,3,4,1,1,1,0,0,1,1,1,1,0,0,0,0,1,4,1,14-17 years,pre,dhule
Boy,8,14,1,3,3,3,3,3,3,3,1,2,1,1,2,2,1,4,2,1,1,2,2,1,1,2,2,3,3,3,1,1,2,0,0,0,0,0,0,0,0,0,0,0,0,0,0,0,4,1,14-17 years,pre,dhule
Boy,8,13,1,3,3,1,1,1,3,3,3,2,1,3,3,3,2,4,3,1,1,5,8,4,8,8,3,3,3,3,3,2,3,1,1,1,0,0,1,1,0,1,1,1,1,0,1,1,3,1,10-13 years,pre,dhule
Girl,8,13,1,3,3,3,3,3,3,3,3,2,1,3,3,3,1,4,3,1,1,2,2,1,2,8,2,3,3,3,2,1,3,3,1,1,1,0,1,1,0,0,1,1,0,0,1,1,3,1,10-13 years,pre,dhule
Girl,8,13,1,3,2,3,3,3,3,3,3,3,3,3,3,3,3,4,3,4,4,4,4,4,4,4,1,3,3,3,2,3,3,4,1,1,1,0,1,0,1,0,0,1,1,0,0,1,1,1,10-13 years,pre,dhule
Girl,8,14,1,3,3,3,3,3,3,3,3,2,3,3,2,3,1,4,3,1,1,2,2,3,8,8,3,3,3,3,2,0,3,4,1,1,1,0,0,1,1,0,0,1,1,0,0,0,1,1,14-17 years,pre,dhule
Girl,8,12,1,3,2,3,3,3,3,3,3,2,3,3,3,3,1,4,3,1,1,2,1,3,8,8,3,3,3,3,2,0,3,4,1,1,1,0,0,1,1,0,0,1,1,0,0,0,1,1,10-13 years,pre,dhule
Girl,8,14,1,0,0,0,0,0,0,0,0,0,0,0,0,0,0,0,1,1,1,0,0,0,0,0,0,3,3,3,0,0,3,0,0,0,0,0,0,0,0,0,0,0,0,0,0,0,4,0,14-17 years,pre,dhule
Girl,8,14,2,0,0,0,0,0,0,0,0,0,0,0,0,0,0,0,,1,1,0,0,0,0,0,0,3,3,3,0,0,3,0,0,0,0,0,0,0,0,0,0,0,0,0,0,0,4,0,14-17 years,pre,dhule
Girl,8,14,2,0,0,0,0,0,0,0,0,0,0,0,0,0,0,0,2,7,8,0,0,0,0,0,0,3,3,3,0,0,3,0,0,0,0,0,0,0,0,0,0,0,0,0,0,0,4,0,14-17 years,pre,dhule
Girl,8,14,2,0,0,0,0,0,0,0,0,0,0,0,0,0,0,0,1,2,5,0,0,0,0,0,0,3,3,3,0,0,3,0,0,0,0,0,0,0,0,0,0,0,0,0,0,0,4,0,14-17 years,pre,dhule
Girl,8,14,2,0,0,0,0,0,0,0,0,0,0,0,0,0,0,0,,,,0,0,0,0,0,0,3,3,3,0,0,3,0,0,0,0,0,0,0,0,0,0,0,0,0,0,0,,1,14-17 years,pre,dhule
Girl,8,14,,0,0,0,0,0,0,0,0,0,0,0,0,0,0,0,,,,0,0,0,0,0,0,3,3,3,0,0,3,0,0,0,0,0,0,0,0,0,0,0,0,0,0,0,4,0,14-17 years,pre,dhule
Girl,8,14,,0,0,0,0,0,0,0,0,0,0,0,0,0,0,0,,,,0,0,0,0,0,0,3,3,3,0,0,3,0,0,0,0,0,0,0,0,0,0,0,0,0,0,0,,0,14-17 years,pre,dhule
Girl,8,13,1,3,3,1,3,1,2,1,1,2,1,1,1,2,1,4,1,1,4,8,8,1,8,8,2,3,3,3,1,1,3,4,1,1,0,1,1,0,1,0,0,0,0,1,1,0,4,1,10-13 years,pre,dhule
Girl,8,14,1,3,3,3,3,3,3,3,3,2,3,2,3,3,3,2,1,5,5,2,4,5,2,8,2,2,2,2,3,1,3,4,1,1,1,0,1,1,1,1,1,1,1,1,1,1,3,1,14-17 years,pre,dhule
Girl,8,14,1,3,1,3,3,3,3,3,3,2,3,3,3,3,1,4,3,1,1,2,2,3,8,8,2,3,3,3,1,3,3,4,1,1,1,0,1,1,1,0,1,1,1,0,0,1,4,1,14-17 years,pre,dhule
Boy,8,12,1,2,2,1,1,3,3,3,3,2,1,3,1,3,1,4,1,1,1,5,1,1,2,2,1,3,3,2,1,1,3,4,1,1,1,1,1,1,0,1,0,0,0,1,1,0,1,1,10-13 years,pre,dhule
Girl,8,13,,3,0,0,3,0,3,0,1,2,1,0,0,3,1,1,1,5,5,2,8,6,2,2,2,3,2,2,1,3,3,4,1,1,1,0,0,1,1,1,1,1,1,0,1,1,1,1,10-13 years,pre,dhule
Boy,8,13,1,0,0,0,0,0,3,0,1,0,0,0,0,0,0,2,1,1,1,2,1,1,2,0,1,3,3,2,1,0,3,4,1,0,0,0,0,0,0,0,1,0,0,0,0,0,4,1,10-13 years,pre,dhule
Boy,8,14,1,3,2,3,1,1,3,3,3,3,3,1,3,3,3,4,4,1,4,2,7,7,8,8,1,1,1,1,3,3,3,4,1,1,1,0,0,0,1,1,0,1,0,0,0,0,2,1,14-17 years,pre,dhule
Boy,8,14,1,3,2,3,3,1,3,3,3,2,3,3,3,3,1,4,1,1,1,6,4,1,2,2,2,3,1,1,1,3,3,4,1,1,1,0,1,1,0,0,0,0,0,1,1,1,1,1,14-17 years,pre,dhule
Boy,8,14,1,3,3,3,3,3,3,3,3,2,3,3,3,3,3,2,1,5,1,6,7,7,8,8,3,3,3,1,3,3,3,4,1,1,1,0,1,1,1,0,1,1,1,0,0,1,3,1,14-17 years,pre,dhule
Boy,8,14,1,2,2,3,3,1,2,3,3,2,3,3,2,3,1,2,3,3,1,2,1,1,2,8,3,3,3,1,3,1,3,4,1,1,0,0,1,1,1,1,0,0,0,1,1,1,1,0,14-17 years,pre,dhule
Boy,8,13,1,3,3,3,3,3,3,3,3,2,3,3,3,3,3,1,3,1,1,7,8,7,8,8,3,3,3,3,2,1,3,4,1,1,1,1,1,1,1,1,1,1,1,1,1,1,2,1,10-13 years,pre,dhule
Girl,9,15,1,3,3,3,3,3,3,3,3,3,3,3,3,3,3,3,3,5,4,6,4,4,4,4,3,3,3,3,0,3,3,4,1,0,0,0,0,0,1,0,0,0,0,0,0,1,2,0,14-17 years,pre,dhule
Girl,9,16,1,3,3,3,3,3,3,3,3,3,3,3,3,2,2,2,1,3,8,7,2,4,2,2,0,3,3,3,0,0,3,4,1,0,0,0,0,0,1,0,0,0,0,0,0,1,2,0,14-17 years,pre,dhule
Boy,7,13,1,3,3,3,3,3,3,3,3,3,3,3,3,3,3,4,4,7,7,7,4,4,8,4,3,3,3,3,3,3,3,4,1,1,1,1,1,1,1,1,1,1,1,1,1,1,2,1,10-13 years,pre,dhule
Girl,10,15,1,1,0,0,0,1,0,0,0,2,0,0,2,2,0,2,3,1,1,0,1,1,1,0,1,3,3,3,1,3,3,4,1,1,1,1,1,1,0,0,0,1,1,1,1,0,1,1,14-17 years,pre,dhule
Boy,9,15,2,3,0,0,0,0,3,0,3,3,3,3,3,3,3,2,1,7,1,4,4,4,4,5,3,3,3,3,3,3,2,4,1,1,1,1,1,1,1,1,1,1,1,1,1,1,2,1,14-17 years,pre,dhule
Boy,9,15,2,3,1,1,1,1,3,1,3,3,1,1,2,1,1,4,3,1,1,6,5,8,6,3,3,3,3,3,3,3,3,4,1,1,0,0,1,0,1,1,1,1,1,1,1,1,2,1,14-17 years,pre,dhule
Boy,10,16,1,3,2,3,3,3,3,3,3,3,3,3,3,3,3,4,3,7,1,4,4,4,4,8,3,3,3,3,3,3,3,4,1,1,1,1,1,1,1,1,1,1,1,1,1,1,2,1,14-17 years,pre,dhule
Boy,10,15,1,3,3,3,3,3,3,3,3,3,3,3,3,3,3,2,1,4,4,4,4,4,4,4,0,3,3,3,3,3,3,4,1,1,1,0,1,1,0,0,0,0,1,0,0,1,2,1,14-17 years,pre,dhule
Girl,9,13,1,3,2,3,1,3,2,1,1,2,3,1,2,3,1,4,1,6,1,2,2,5,8,2,3,1,0,0,3,3,2,4,1,1,0,0,0,0,1,0,1,1,1,0,0,0,2,1,10-13 years,pre,dhule
Girl,9,15,1,3,3,3,3,3,3,3,3,2,3,1,2,3,3,2,4,5,1,2,2,4,8,2,3,1,0,0,3,3,0,4,1,0,0,0,0,0,1,1,1,1,1,0,0,1,2,1,14-17 years,pre,dhule
Girl,9,14,1,3,3,3,3,3,3,3,3,2,3,3,3,3,3,4,3,1,8,4,8,5,8,4,1,1,2,2,3,1,2,4,1,1,1,1,1,1,1,0,1,0,1,0,0,1,1,1,14-17 years,pre,dhule
Girl,9,14,1,3,3,3,3,3,3,3,3,2,3,3,3,3,1,4,3,5,1,2,8,5,8,2,2,1,2,1,3,3,2,4,1,1,0,0,0,0,1,1,0,0,1,0,0,1,1,1,14-17 years,pre,dhule
Girl,9,14,1,3,3,3,3,3,3,3,3,2,3,3,3,3,1,4,3,5,1,2,8,5,8,2,3,1,3,2,3,3,2,4,1,1,0,0,0,0,1,1,0,1,1,0,0,1,1,1,14-17 years,pre,dhule
Girl,9,14,1,3,3,3,3,3,3,3,3,3,3,3,3,3,3,4,3,1,8,4,8,4,8,8,1,1,2,2,2,1,2,4,1,1,1,1,1,1,1,0,1,1,1,0,0,1,1,1,14-17 years,pre,dhule
Girl,9,14,1,3,2,3,1,3,2,1,3,2,3,1,2,3,1,4,3,5,1,2,5,5,8,2,3,1,0,0,3,3,0,4,1,1,0,0,0,1,1,0,1,1,1,0,0,0,2,1,14-17 years,pre,dhule
Girl,9,15,1,3,3,1,3,3,3,3,3,2,3,1,2,3,2,2,3,5,1,6,8,5,8,2,1,1,0,3,3,3,2,4,1,0,0,0,0,1,1,0,1,1,1,1,0,1,2,1,14-17 years,pre,dhule
Girl,7,13,1,3,0,3,1,2,0,1,3,1,0,1,1,2,3,2,3,3,2,0,5,2,0,2,0,0,1,2,2,2,2,3,0,0,0,0,1,0,0,0,1,0,0,0,1,1,2,1,10-13 years,pre,dhule
Girl,9,14,1,2,1,2,1,3,3,1,2,1,2,3,2,1,2,3,4,1,3,1,1,3,1,3,1,2,3,0,1,1,0,1,0,1,1,0,1,1,1,0,1,1,1,0,1,1,2,1,14-17 years,pre,dhule
Girl,6,11,2,3,2,1,2,1,3,1,0,0,0,0,0,0,0,0,1,1,2,0,0,0,0,0,1,2,3,3,0,3,1,3,1,0,1,1,1,1,0,1,1,1,0,1,1,0,2,0,10-13 years,pre,dhule
Girl,9,14,1,2,3,1,2,0,1,0,2,1,1,2,0,1,1,3,3,1,2,1,0,3,1,2,1,0,2,1,0,1,0,0,0,1,1,0,1,0,1,1,0,1,0,1,0,0,4,1,14-17 years,pre,dhule
Girl,8,13,,3,2,3,1,3,1,2,3,2,1,2,3,3,3,3,2,5,1,2,8,4,8,2,2,3,2,3,1,3,2,4,0,0,1,0,0,1,1,0,1,1,1,0,0,1,4,1,10-13 years,pre,dhule
Girl,8,13,,1,1,2,1,2,1,1,3,2,1,2,1,3,3,2,3,1,,2,6,0,2,2,0,0,1,1,1,0,0,2,0,0,1,0,1,0,0,0,0,0,0,0,0,1,,0,10-13 years,pre,dhule
Girl,7,12,1,3,2,3,1,0,2,0,3,2,0,1,1,0,3,3,2,3,1,0,0,0,0,0,2,0,2,1,0,2,0,4,1,1,0,0,1,1,1,1,1,1,1,0,0,0,4,1,10-13 years,pre,dhule
Girl,8,13,1,3,1,3,1,3,1,1,3,3,1,1,1,3,3,2,1,5,5,2,4,5,8,2,2,1,2,3,1,3,2,4,0,0,1,0,1,1,0,0,0,0,0,0,0,0,,0,10-13 years,pre,dhule
Girl,7,12,1,3,0,3,1,3,1,3,3,2,1,3,1,3,3,2,4,1,5,2,6,4,8,2,2,1,3,3,3,3,2,4,1,1,1,0,1,1,1,0,1,1,1,0,0,1,4,1,10-13 years,pre,dhule
Girl,8,13,1,3,1,1,0,3,0,2,3,3,1,1,1,3,3,2,3,5,,0,6,2,2,1,1,2,2,1,2,2,2,2,1,1,0,0,1,1,1,0,1,1,1,0,0,1,4,1,10-13 years,pre,dhule
Boy,8,13,1,3,2,3,1,1,2,3,3,3,1,3,3,3,3,2,3,1,5,2,6,5,8,2,0,0,0,0,0,0,0,4,1,1,1,0,0,1,1,0,1,1,1,0,0,1,4,0,10-13 years,pre,dhule
Girl,6,11,1,1,0,1,1,1,2,0,0,0,2,0,0,1,0,1,5,5,2,0,5,2,0,0,2,0,2,1,0,0,2,4,0,0,1,0,1,0,0,1,0,1,0,1,0,1,4,0,10-13 years,pre,dhule
Girl,8,13,1,3,2,3,1,1,2,2,3,3,1,2,1,3,3,2,3,5,1,2,8,5,8,2,2,1,2,3,1,2,2,4,0,1,1,0,0,1,1,0,1,1,1,0,0,1,4,1,10-13 years,pre,dhule
Girl,9,15,1,3,1,3,3,3,1,2,3,3,1,1,1,3,3,2,3,1,5,2,5,7,8,2,2,3,2,3,1,2,2,4,0,1,1,0,0,1,1,0,1,1,1,0,0,1,4,1,14-17 years,pre,dhule
Girl,6,11,1,1,0,0,0,3,2,0,3,1,1,2,0,0,0,2,,1,,2,1,1,1,2,0,0,0,0,0,0,0,3,1,0,0,1,0,0,1,0,0,0,0,1,0,1,4,0,10-13 years,pre,dhule
Girl,8,13,1,3,1,3,1,3,3,0,3,3,1,3,1,3,3,3,3,5,5,0,7,4,8,2,2,1,2,2,1,2,3,4,0,1,0,0,1,1,1,1,1,1,0,0,0,1,1,0,10-13 years,pre,dhule
Boy,8,13,1,3,1,1,1,3,1,1,3,2,1,1,1,3,3,3,1,5,1,2,3,0,2,2,2,1,2,3,2,1,2,3,1,0,0,1,0,0,1,0,0,1,0,1,0,0,4,1,10-13 years,pre,dhule
Girl,9,15,1,1,0,1,2,1,2,1,3,3,0,1,2,3,1,2,3,,,0,0,0,0,0,0,0,0,1,0,0,0,3,0,0,1,0,0,1,1,1,1,1,1,1,1,1,4,1,14-17 years,pre,dhule
Girl,8,13,1,3,2,3,1,3,2,1,3,3,1,2,1,1,3,2,2,5,,2,3,3,2,2,0,0,0,0,0,0,0,4,1,0,1,0,1,1,1,0,1,1,1,0,0,1,4,0,10-13 years,pre,dhule
Girl,7,12,1,3,0,3,0,3,0,1,3,0,0,1,2,3,3,4,2,1,,8,0,3,2,2,2,1,2,2,1,2,2,4,1,0,0,0,1,1,0,1,1,0,1,0,0,1,4,1,10-13 years,pre,dhule
Girl,7,12,1,3,1,1,1,3,2,2,3,2,1,3,1,2,2,4,3,1,5,1,6,1,2,2,0,0,0,0,0,0,0,4,1,0,1,0,0,1,1,0,1,1,1,0,0,1,4,0,10-13 years,pre,dhule
Girl,7,12,1,3,0,1,1,1,2,1,3,0,0,1,0,3,2,3,3,7,,3,0,2,2,2,2,1,2,2,1,2,2,4,0,0,0,0,0,0,0,0,0,0,0,0,0,1,2,1,10-13 years,pre,dhule
Boy,8,13,1,3,0,3,1,0,3,0,0,0,0,0,0,0,0,2,2,6,1,2,6,0,2,8,1,0,2,1,1,2,2,4,1,0,1,0,0,1,1,0,1,1,1,0,0,1,1,1,10-13 years,pre,dhule
Boy,7,12,1,0,1,0,0,0,0,0,3,0,0,0,0,0,0,2,2,,,0,0,7,0,0,0,1,0,0,2,0,0,2,0,1,0,0,0,0,0,0,0,1,0,0,0,1,2,0,10-13 years,pre,dhule
Boy,9,14,1,1,2,1,3,1,2,1,2,3,2,1,2,3,2,2,3,5,1,3,1,1,3,3,1,2,1,3,1,3,1,2,1,1,1,1,0,1,1,0,1,1,1,0,1,0,2,1,14-17 years,pre,dhule
Girl,8,13,1,3,2,1,0,3,0,2,3,3,1,0,1,3,3,3,3,1,1,2,5,6,2,2,2,0,0,1,0,1,0,0,1,0,0,1,0,0,1,1,0,0,0,0,0,1,4,1,10-13 years,pre,dhule
Girl,6,11,1,0,0,0,0,0,0,0,0,0,0,0,0,0,0,0,,1,2,3,0,0,0,0,1,2,1,2,1,3,1,1,1,0,1,1,1,0,1,1,1,0,1,0,1,1,2,1,10-13 years,pre,dhule
Girl,7,12,1,3,0,3,3,3,0,2,0,0,0,0,0,0,0,2,3,,,,0,0,0,0,1,0,2,0,1,1,0,4,0,1,0,0,0,1,0,0,1,1,0,0,0,1,2,1,10-13 years,pre,dhule
Girl,8,13,1,1,2,1,2,1,2,3,0,0,0,0,0,0,0,0,1,1,1,2,2,1,2,3,1,2,1,2,1,2,3,4,1,0,1,1,1,1,1,1,1,0,1,1,0,1,2,0,10-13 years,pre,dhule
Girl,7,12,1,1,2,1,2,3,1,3,1,2,3,1,2,1,2,2,3,1,1,8,0,2,2,8,2,3,1,2,3,1,2,4,0,0,0,0,0,0,0,0,0,0,0,0,0,1,3,1,10-13 years,pre,dhule
Girl,8,13,1,3,0,3,3,3,0,1,3,1,1,1,3,3,3,2,3,1,1,2,3,1,2,2,2,1,2,1,1,3,2,4,0,1,0,0,0,1,1,0,1,1,1,0,0,1,4,1,10-13 years,pre,dhule
Girl,9,15,1,3,1,3,3,3,1,3,0,0,1,2,1,3,3,2,3,,,0,0,0,0,0,0,0,1,0,0,0,0,4,0,1,1,0,0,1,0,1,1,1,1,0,0,1,4,1,14-17 years,pre,dhule
Girl,6,11,1,1,2,1,1,3,0,2,0,0,0,0,0,0,0,3,3,1,,2,0,0,2,0,2,0,0,0,1,0,0,3,0,0,0,0,0,0,1,0,0,0,0,0,0,0,4,0,10-13 years,pre,dhule
Boy,6,11,1,1,0,0,1,0,0,0,3,0,0,1,0,0,0,2,3,,,2,0,0,0,0,0,0,0,1,0,0,0,1,0,0,1,0,0,0,0,0,0,0,0,0,0,0,4,0,10-13 years,pre,dhule
Girl,6,11,1,3,0,0,0,3,0,0,3,0,0,2,0,0,0,3,2,1,3,0,3,2,2,2,2,0,2,1,0,2,0,3,0,1,0,0,0,1,0,1,1,0,0,0,0,1,4,0,10-13 years,pre,dhule
Girl,8,13,1,3,2,3,1,3,0,1,3,1,1,2,1,3,3,2,2,1,3,0,3,1,2,2,2,1,2,1,1,3,2,4,0,1,0,0,0,0,0,1,1,0,0,0,0,0,2,1,10-13 years,pre,dhule
Girl,9,15,1,3,2,3,3,3,1,0,3,2,2,2,1,3,1,2,3,1,,3,0,0,2,1,2,1,2,1,1,2,2,4,1,1,1,0,0,1,0,1,0,1,1,0,0,0,4,1,14-17 years,pre,dhule
Girl,8,13,1,1,2,1,2,1,2,1,2,2,1,2,1,2,1,2,3,1,2,1,1,1,1,1,3,3,3,3,3,3,3,4,0,0,1,0,0,0,0,0,1,1,0,0,0,0,4,1,10-13 years,pre,dhule
Boy,9,14,1,3,2,3,0,3,1,2,3,3,1,2,1,3,3,2,3,1,1,2,4,4,8,1,1,1,2,2,1,2,2,4,1,1,1,0,0,1,1,0,1,1,1,0,0,1,4,1,14-17 years,pre,dhule
Boy,8,13,1,3,0,1,0,1,2,0,3,1,2,0,1,2,0,2,3,,,0,0,0,0,0,0,0,0,0,0,0,0,2,0,0,0,1,0,0,0,1,0,0,0,0,0,1,4,0,10-13 years,pre,dhule
Girl,8,13,1,1,0,1,1,2,0,1,0,2,0,1,0,2,2,2,3,1,,2,1,0,8,1,2,1,2,2,2,2,2,4,0,0,0,0,0,1,0,1,0,1,1,1,0,0,4,0,10-13 years,pre,dhule
Girl,9,14,1,1,2,1,2,1,2,1,0,0,0,0,0,0,0,2,3,1,2,3,1,6,8,3,0,0,0,0,0,0,0,1,1,1,1,0,1,1,1,1,0,1,1,1,1,0,2,0,14-17 years,pre,dhule
Boy,9,14,1,3,1,3,1,3,2,1,3,2,1,1,1,3,3,2,3,1,,2,1,0,8,1,2,1,2,2,2,2,2,4,0,1,1,0,0,1,1,0,1,1,1,0,0,0,4,1,14-17 years,pre,dhule
Girl,7,11,1,3,1,3,1,3,1,3,3,3,1,2,0,1,3,2,3,1,1,2,3,1,8,2,2,1,3,2,1,2,1,4,0,0,1,0,1,0,0,1,0,0,1,0,0,1,1,0,10-13 years,pre,dhule
Boy,7,12,1,1,2,2,1,2,1,2,3,1,,2,1,2,2,3,1,1,1,3,5,0,2,1,1,2,1,2,0,1,2,2,0,1,1,1,0,1,0,1,0,1,1,1,0,0,1,0,10-13 years,pre,dhule
Boy,8,13,1,3,2,3,1,2,0,2,3,2,1,3,1,3,3,2,3,1,1,2,3,2,6,2,1,2,1,2,2,2,3,4,0,1,1,0,0,1,1,0,1,1,1,0,0,1,4,1,10-13 years,pre,dhule
Boy,9,15,1,2,1,2,2,1,1,2,1,2,1,2,1,2,1,2,1,3,1,1,2,3,2,3,1,2,1,2,1,2,1,2,1,0,1,0,1,0,0,1,0,1,0,1,1,0,2,1,14-17 years,pre,dhule
Boy,8,13,1,3,0,3,1,3,1,0,3,2,1,1,0,3,2,2,1,1,2,0,0,0,0,0,2,1,2,2,1,2,1,4,0,1,1,0,0,1,1,0,1,1,1,0,0,0,2,1,10-13 years,pre,dhule
Girl,6,11,1,1,2,1,3,1,2,3,2,1,2,1,3,2,1,3,3,1,1,2,3,2,0,3,1,2,3,1,2,1,2,4,1,1,1,1,1,0,1,1,1,0,1,1,1,1,3,1,10-13 years,pre,dhule
Girl,9,14,1,3,2,3,3,3,2,1,3,3,1,0,0,3,3,2,3,1,1,2,3,2,2,0,2,1,2,2,1,3,2,4,0,1,1,0,0,1,1,0,1,1,1,0,0,1,1,1,14-17 years,pre,dhule
Girl,8,13,1,0,0,0,0,0,0,0,0,0,2,0,1,0,0,2,1,4,1,0,8,0,0,5,0,0,1,0,2,0,0,0,1,0,0,1,0,0,0,0,0,0,0,0,0,0,4,1,10-13 years,pre,dhule
Girl,6,10,1,1,2,1,2,1,2,1,2,1,2,1,2,1,2,3,1,1,1,3,2,2,2,2,1,2,1,2,0,2,1,1,1,0,1,1,0,1,1,0,1,0,1,0,1,1,2,1,10-13 years,pre,dhule
Girl,8,13,1,2,1,2,2,1,2,2,1,2,1,2,1,2,2,3,1,3,1,5,2,0,1,2,1,2,1,3,1,3,1,2,0,1,0,1,1,1,1,0,1,0,0,1,1,0,1,1,10-13 years,pre,dhule
Girl,7,12,1,3,2,3,1,2,1,1,3,1,1,1,2,3,3,2,2,,,0,0,0,0,0,3,3,3,3,3,3,3,4,1,1,1,1,1,1,1,1,1,0,0,1,0,1,2,1,10-13 years,pre,dhule
Girl,7,12,1,3,2,1,0,3,1,0,2,0,0,1,1,3,3,5,3,5,,2,0,8,2,2,2,1,0,1,2,0,0,0,1,0,1,0,1,0,1,0,1,0,1,0,0,1,1,0,10-13 years,pre,dhule
Girl,9,15,1,2,1,3,0,3,1,2,3,3,1,1,1,3,1,3,,3,1,2,6,0,3,2,1,0,0,1,2,2,2,4,1,0,0,0,1,1,0,0,1,1,1,0,0,0,1,0,14-17 years,pre,dhule
Girl,7,12,1,3,2,3,1,2,1,1,3,1,1,1,2,3,3,2,2,,,0,0,0,0,0,1,0,0,1,2,0,1,4,1,0,0,1,0,0,1,1,0,1,0,0,0,1,1,0,10-13 years,pre,dhule
