uid,school,gender,grade,age,like_games,games_2a,games_2b,games_2c,games_2d,games_2e,games_2f,games_2g,prof_3a,prof_3b,prof_3c,prof_3d,prof_3e,prof_3f,prof_3g,serving_guests,financial_decisions,chores_6a,chores_6b,chores_6c,chores_6d,chores_6e,chores_6f,chores_6g,social_7a,social_7b,social_7c,social_7d,social_7e,social_7f,social_7g,legal_marriage_age,freedom_9a,freedom_9b,freedom_9c,freedom_9d,freedom_9e,freedom_9f,cons_10a,cons_10b,cons_10c,cons_10d,cons_10e,cons_10f,cons_10g,early_pregnancy,child_helpline,aspirations
NDAD1,BHASKAR ADIVASI ASHRAM P.S. CHANAPUR,1,6,12,1,3,1,3,1,1,2,1,3,2,3,2,1,3,3,0,0,2,6,1,5,6,8,1,3,1,2,2,2,3,2,0,1,0,1,0,0,1,1,1,1,1,1,0,0,1,1,1
NDAD2,BHASKAR ADIVASI ASHRAM P.S. CHANAPUR,2,10,16,1,3,1,1,3,3,3,1,3,3,3,3,2,3,3,4,4,6,6,1,8,6,8,4,3,1,2,2,1,3,2,4,1,1,1,0,1,0,1,1,1,1,1,0,0,1,1,1
NDAD3,BHASKAR ADIVASI ASHRAM P.S. CHANAPUR,2,7,14,1,3,3,3,3,1,3,1,3,2,3,3,3,3,3,4,3,6,6,1,8,6,8,5,3,1,3,1,3,3,2,4,1,1,1,1,1,1,1,1,1,1,1,0,0,1,2,1
NDAD4,BHASKAR ADIVASI ASHRAM P.S. CHANAPUR,2,6,11,1,3,1,3,1,2,2,2,3,2,2,3,1,3,3,1,1,2,2,1,1,5,0,1,3,1,2,2,3,1,2,4,1,1,1,0,0,1,1,1,1,1,1,0,0,1,2,
NDAD5,BHASKAR ADIVASI ASHRAM P.S. CHANAPUR,1,8,14,1,3,1,3,1,1,2,1,3,2,1,3,1,3,1,6,3,2,2,1,5,6,8,0,3,1,2,3,3,1,2,4,1,1,1,0,1,1,1,1,1,1,1,0,0,1,1,2
NDAD6,BHASKAR ADIVASI ASHRAM P.S. CHANAPUR,2,6,13,1,3,2,1,1,2,1,2,2,2,1,1,1,2,1,2,3,2,3,1,1,2,8,1,3,1,2,0,1,1,2,4,1,1,1,0,0,1,1,1,1,1,1,1,0,1,2,2
NDAD7,BHASKAR ADIVASI ASHRAM P.S. CHANAPUR,2,8,15,1,2,1,3,3,2,2,2,3,2,2,2,2,2,2,7,3,2,2,1,1,2,3,1,1,1,2,2,1,1,2,4,1,1,1,0,0,1,1,1,0,1,1,0,0,2,1,1
NDAD8,BHASKAR ADIVASI ASHRAM P.S. CHANAPUR,1,8,14,1,3,3,1,3,3,3,1,3,2,1,3,1,3,3,2,3,2,2,1,1,2,8,1,3,1,2,2,2,3,3,4,1,0,1,0,1,1,0,1,1,1,1,0,0,1,1,1
NDAD9,BHAURAO CHAVAN H.S.YELEGAON,2,10,16,1,3,2,1,3,3,2,1,2,2,2,2,1,1,1,6,3,6,2,8,8,7,8,8,2,1,2,2,1,2,2,4,1,1,1,0,0,1,1,0,1,1,1,0,0,1,1,1
NDAD10,BHAURAO CHAVAN H.S.YELEGAON,1,10,15,1,3,3,3,3,3,3,3,3,2,3,3,3,3,2,4,4,2,2,8,8,2,8,8,3,1,1,2,3,3,2,4,1,1,1,0,0,1,1,1,1,1,1,0,0,1,1,1
NDAD11,BHAURAO CHAVAN H.S.YELEGAON,1,7,14,1,3,1,1,1,3,3,1,3,2,3,1,1,1,1,2,1,2,2,1,1,2,1,1,1,1,2,2,1,1,2,4,1,0,1,0,1,1,1,1,1,1,1,0,0,1,1,1
NDAD12,BHAURAO CHAVAN H.S.YELEGAON,2,8,14,1,3,2,1,2,3,2,1,3,2,3,1,3,3,1,2,3,2,6,1,1,2,1,1,3,1,0,2,1,1,2,4,1,1,1,0,1,1,1,1,1,1,1,0,0,1,1,1
NDAD13,BHAURAO CHAVAN H.S.YELEGAON,2,9,14,1,3,2,3,2,1,3,1,1,2,1,2,1,2,2,2,3,8,2,1,8,6,1,1,0,1,0,2,1,1,2,4,1,0,1,0,0,1,1,1,1,1,1,1,1,1,5,1
NDAD14,BHAURAO CHAVAN H.S.YELEGAON,2,8,14,1,3,0,1,3,3,2,0,3,2,3,1,3,1,1,4,3,6,6,1,1,6,1,1,3,1,0,2,1,1,2,4,1,1,1,0,1,1,1,1,1,1,1,1,1,1,1,1
NDAD15,BHAURAO CHAVAN H.S.YELEGAON,2,8,13,1,3,2,3,3,3,3,3,3,2,3,3,3,3,3,2,3,2,2,1,1,6,8,1,2,1,0,2,3,3,3,4,1,1,1,0,1,1,1,0,1,1,1,0,0,1,1,1
NDAD16,BHAURAO CHAVAN H.S.YELEGAON,2,10,16,1,3,3,1,1,3,2,1,3,2,1,3,1,3,3,2,3,6,6,1,1,6,8,1,2,1,3,0,1,2,2,4,1,1,1,0,1,0,1,1,1,0,1,0,0,1,5,1
NDAD17,C.SHIVAJI H.S.SHELGAON (BK),2,7,12,1,3,3,3,3,3,3,3,3,3,3,3,3,3,3,6,3,6,7,4,4,7,8,1,2,1,2,2,3,1,2,4,1,1,1,0,1,0,1,1,1,1,1,0,0,1,5,
NDAD18,C.SHIVAJI H.S.SHELGAON (BK),2,6,11,1,3,2,3,1,3,3,3,3,2,3,3,3,3,1,6,1,7,6,8,8,6,1,8,3,1,2,3,3,1,2,4,1,1,1,0,0,1,1,1,1,1,1,0,0,1,1,1
NDAD19,C.SHIVAJI H.S.SHELGAON (BK),2,10,15,1,3,3,3,3,3,3,3,3,3,3,3,3,3,3,4,1,4,4,4,4,4,8,4,2,1,2,2,1,1,2,4,1,1,1,0,1,1,1,1,1,1,1,0,0,1,1,1
NDAD20,C.SHIVAJI H.S.SHELGAON (BK),1,7,12,1,3,2,1,1,3,3,1,3,2,3,1,1,3,1,4,4,2,2,5,1,2,1,1,0,1,0,0,0,3,2,4,1,1,1,0,0,1,1,1,1,1,1,0,0,1,1,
NDAD21,C.SHIVAJI H.S.SHELGAON (BK),1,10,15,1,3,3,3,1,1,3,1,3,3,1,1,2,3,1,1,1,2,2,5,1,2,5,1,2,1,3,3,1,2,2,4,1,1,1,0,0,1,1,1,1,1,1,0,0,1,1,1
NDAD22,C.SHIVAJI H.S.SHELGAON (BK),1,8,13,1,3,2,3,3,3,3,1,3,2,3,3,3,3,3,2,1,8,2,8,8,2,8,1,1,1,2,3,3,3,2,4,1,0,1,0,0,1,1,1,1,1,1,0,1,1,5,1
NDAD23,C.SHIVAJI H.S.SHELGAON (BK),2,9,14,1,3,3,3,3,3,3,3,3,3,3,3,3,3,3,4,3,6,4,4,8,6,8,4,3,1,0,2,3,3,2,4,1,1,1,0,0,1,1,1,1,1,1,0,0,1,5,1
NDAD24,C.SHIVAJI H.S.SHELGAON (BK),1,6,11,1,3,3,3,3,3,3,3,3,3,3,3,3,3,1,2,3,4,6,5,4,2,8,4,3,3,0,3,3,3,2,4,1,1,1,0,1,1,1,1,1,1,1,1,0,1,1,1
NDAD26,MAHATMA BASWESHWAR H.S. ARDHAPUR,2,8,13,1,3,3,3,3,3,3,3,3,3,3,3,3,3,3,6,3,6,6,4,4,7,4,4,3,1,0,3,3,3,0,3,1,1,1,0,1,1,1,1,1,1,1,1,1,1,1,0
NDAD28,MAHATMA BASWESHWAR H.S. ARDHAPUR,2,8,14,1,3,3,1,3,3,3,0,3,3,3,3,3,3,3,4,3,6,7,7,4,7,4,8,0,3,0,0,0,0,0,4,1,1,1,0,1,1,1,1,1,1,1,1,1,1,1,0
NDAD29,MAHATMA BASWESHWAR H.S. ARDHAPUR,2,9,14,1,3,2,1,1,3,3,1,3,2,1,1,1,3,1,4,3,2,2,1,0,1,3,1,1,1,2,1,2,1,2,4,1,1,0,0,1,1,1,0,1,1,1,1,0,1,2,1
NDAD30,MAHATMA BASWESHWAR H.S. ARDHAPUR,1,10,16,1,3,0,3,3,3,3,1,3,2,3,3,3,3,3,2,3,2,2,4,4,2,1,3,0,1,2,2,2,1,2,4,1,1,1,0,0,0,1,0,1,1,1,0,0,1,0,1
NDAD31,MAHATMA BASWESHWAR H.S. ARDHAPUR,2,9,14,1,2,2,1,1,3,3,3,3,2,3,3,3,3,3,2,3,2,6,1,1,2,8,1,2,1,2,2,1,2,2,4,1,1,0,0,0,0,1,0,1,1,1,0,0,0,4,1
NDAD32,MAHATMA BASWESHWAR H.S. ARDHAPUR,2,10,15,1,3,3,3,3,3,3,3,3,3,3,3,3,3,3,4,3,6,6,7,2,7,8,8,1,1,2,0,1,3,2,4,1,1,0,0,1,0,1,0,1,1,1,0,0,1,0,1
NDAD33,SANT P. MAHARAJ H.S. MALEGAON,2,7,12,1,3,0,3,3,3,3,3,3,2,1,1,3,3,1,2,1,4,6,4,4,4,8,4,1,1,3,3,3,3,3,4,1,1,1,0,0,1,1,0,1,1,1,0,0,1,2,1
NDAD34,SANT P. MAHARAJ H.S. MALEGAON,2,8,13,1,3,3,1,1,3,3,2,3,3,1,3,3,3,3,2,1,6,6,8,8,6,1,8,3,1,2,3,3,3,2,0,1,1,1,0,0,1,1,1,1,0,1,0,0,1,4,1
NDAD35,SANT P. MAHARAJ H.S. MALEGAON,2,6,11,1,3,2,3,3,3,3,3,3,3,3,3,3,3,3,2,3,4,4,4,4,4,4,4,3,3,3,3,3,3,3,4,1,1,1,0,1,1,1,1,1,1,1,1,1,1,5,1
NDAD36,SANT P. MAHARAJ H.S. MALEGAON,1,8,12,1,3,3,3,3,3,3,3,3,3,3,3,3,3,3,4,4,4,4,8,4,4,4,4,3,3,0,3,3,3,0,4,1,1,1,0,0,1,1,0,1,1,1,0,0,1,0,1
NDAD37,SANT P. MAHARAJ H.S. MALEGAON,1,10,15,1,3,2,3,3,3,3,1,3,2,1,3,3,3,1,4,1,2,2,1,5,2,1,1,1,1,2,2,1,1,2,4,1,1,1,0,1,1,1,1,1,1,1,0,0,1,7,1
NDAD38,SANT P. MAHARAJ H.S. MALEGAON,1,7,12,1,3,2,3,1,3,3,1,3,2,1,3,3,3,3,1,1,2,2,1,1,2,1,1,1,1,3,2,3,3,2,4,1,0,1,0,0,1,1,0,0,1,1,0,0,1,1,1
NDAD39,SANT P. MAHARAJ H.S. MALEGAON,2,9,15,1,3,2,3,3,3,3,1,3,2,3,3,3,3,1,2,1,6,6,6,1,6,2,1,2,1,2,2,3,3,2,4,1,1,1,0,1,1,1,1,1,1,1,1,0,1,1,1
NDAD40,SANT P. MAHARAJ H.S. MALEGAON,1,9,14,1,3,2,3,3,3,1,3,3,2,3,3,3,3,3,4,3,2,2,1,1,2,1,1,3,3,0,2,3,3,0,4,1,0,1,0,0,1,1,0,1,0,1,0,0,1,2,1
NDAD41,Z P P S URDU NAI ABADI ARDHAPUR,2,7,12,1,3,2,1,1,1,0,0,3,3,3,1,2,3,1,4,1,2,2,1,1,2,2,1,3,3,0,3,3,3,0,4,1,1,1,0,1,1,1,0,1,0,1,0,0,1,3,1
NDAD42,Z P P S URDU NAI ABADI ARDHAPUR,2,8,13,0,3,3,1,1,1,0,0,3,3,3,0,0,3,3,4,0,2,2,1,1,2,1,1,1,1,0,0,1,1,1,0,1,1,1,0,1,0,1,0,1,1,1,0,0,1,2,1
NDAD43,Z P P S URDU NAI ABADI ARDHAPUR,2,7,11,1,3,3,0,3,1,1,1,1,1,1,0,0,1,0,2,0,2,2,1,8,0,0,0,1,1,0,0,1,1,1,4,1,1,1,0,0,0,1,0,1,1,1,0,0,1,2,1
NDAD44,Z P P S URDU NAI ABADI ARDHAPUR,2,7,12,1,2,2,1,1,3,1,1,1,2,2,2,1,2,2,1,2,2,2,1,1,2,1,1,1,1,0,0,1,1,1,4,1,1,1,0,0,0,1,0,1,1,1,0,0,1,2,1
NDAD45,Z P P S URDU NAI ABADI ARDHAPUR,2,7,12,0,1,1,0,1,0,1,0,3,3,0,0,0,0,0,0,0,0,0,0,0,0,0,0,0,0,0,0,0,0,0,0,0,0,0,0,0,0,0,0,0,0,0,0,0,0,0,0
NDAD47,Z P P S URDU NAI ABADI ARDHAPUR,2,8,13,1,3,3,1,1,1,1,1,3,3,3,0,0,3,3,1,0,2,2,1,1,2,0,0,1,1,0,0,1,1,1,4,1,1,1,0,1,0,1,0,0,1,1,0,0,1,2,1
NDAD48,Z P P S URDU NAI ABADI ARDHAPUR,2,6,11,1,3,3,3,1,3,3,0,3,3,0,0,3,3,3,6,3,2,2,1,8,2,8,8,0,0,0,0,0,0,0,4,1,1,1,0,0,1,1,0,1,1,1,0,0,1,2,1
NDAD51,ZPPS MALEGAON,2,7,14,1,3,1,1,1,3,3,1,3,2,1,3,2,3,1,4,3,2,6,1,8,6,8,8,1,1,2,2,3,3,2,4,0,0,0,0,0,0,0,0,0,0,0,0,0,0,0,0
NDAD52,ZPPS MALEGAON,2,8,14,1,3,1,3,3,3,3,0,3,3,3,3,3,3,3,7,3,2,2,1,8,2,8,1,1,1,2,0,3,3,2,0,0,0,0,0,0,0,0,0,0,0,0,0,0,1,3,1
NDAD53,ZPPS MALEGAON,2,6,14,1,3,0,3,3,3,3,0,3,3,3,0,3,3,3,2,3,2,2,1,1,2,8,1,1,1,2,0,3,3,3,4,0,0,0,0,0,0,0,0,0,0,0,0,0,1,3,1
NDAD54,ZPPS MALEGAON,2,10,15,1,3,2,3,1,3,3,3,3,3,3,3,3,3,3,2,1,2,2,1,1,2,1,1,3,1,2,1,3,3,2,4,1,1,1,0,0,1,1,0,1,1,1,0,0,1,2,1
NDAD55,ZPPS MALEGAON,2,10,15,1,3,2,1,1,3,3,1,3,3,1,3,2,3,3,4,4,6,2,7,8,2,8,8,3,1,2,2,3,3,2,0,0,0,0,0,0,0,0,0,0,0,0,0,0,0,0,0
NDAD56,ZPPS MALEGAON,2,10,16,1,3,3,3,3,3,3,3,3,3,1,1,3,3,3,4,1,2,2,1,1,2,1,1,1,1,2,0,3,2,2,4,1,1,1,0,0,1,1,0,1,1,1,0,0,1,2,1
NDND1,JIJAMATA ASHRAM H.S. HASSAPUR,2,8,13,1,1,1,1,2,1,2,1,3,2,1,1,1,3,3,4,3,6,6,1,8,6,8,1,1,1,2,1,2,1,1,4,0,1,1,0,0,1,1,0,1,1,1,0,0,1,1,1
NDND2,JIJAMATA ASHRAM H.S. HASSAPUR,1,7,12,1,1,1,1,1,3,3,2,3,2,1,1,1,3,3,4,3,6,2,1,8,6,8,1,1,1,1,2,1,2,2,4,1,0,1,0,0,1,1,0,1,0,1,0,0,1,1,1
NDND3,JIJAMATA ASHRAM H.S. HASSAPUR,1,6,11,0,1,1,1,1,1,1,2,3,2,1,1,1,3,3,4,3,8,6,1,8,8,8,1,1,1,1,2,2,3,3,4,0,1,0,0,1,1,1,0,1,1,1,0,0,1,1,1
NDND6,JIJAMATA ASHRAM H.S. HASSAPUR,1,9,14,1,1,1,1,1,1,2,2,3,2,1,1,1,3,2,6,1,6,6,1,8,2,8,1,1,1,1,1,2,1,2,4,1,0,1,0,0,1,1,0,1,1,1,0,0,1,1,1
NDND8,JIJAMATA ASHRAM H.S. HASSAPUR,2,6,11,1,1,1,1,3,3,2,1,3,2,1,1,2,3,1,7,3,8,2,1,8,2,8,1,1,1,1,2,3,3,2,4,1,1,1,0,1,1,1,0,1,1,0,0,0,1,1,1
NDND11,SHRI GOVIND PRIMANRY ASHRAM SCHOOL KAKANDI,1,6,11,1,1,2,2,1,3,1,2,3,2,1,1,1,3,1,4,3,2,6,1,8,6,8,1,1,3,1,1,1,2,2,4,1,0,1,0,1,0,1,0,1,0,1,0,0,1,1,1
NDND13,SHRI GOVIND PRIMANRY ASHRAM SCHOOL KAKANDI,2,6,11,0,1,2,3,1,1,2,1,3,2,1,1,1,1,3,4,3,2,6,1,1,6,1,5,1,2,2,1,1,2,1,4,1,0,1,0,1,1,1,0,1,0,0,0,0,1,1,1
NDND14,SHRI GOVIND PRIMANRY ASHRAM SCHOOL KAKANDI,2,7,12,1,3,1,2,2,2,1,2,3,2,1,1,1,2,1,4,3,8,6,1,1,2,1,1,3,1,2,1,1,2,2,0,0,0,0,0,0,0,0,0,0,0,0,0,0,0,0,0
NDND15,SHRI GOVIND PRIMANRY ASHRAM SCHOOL KAKANDI,2,6,11,1,3,2,1,3,3,2,1,3,1,2,1,1,3,3,1,4,3,6,6,1,1,6,1,1,3,1,2,2,2,1,4,1,0,1,0,0,1,1,0,1,0,1,0,0,1,1,1
NDND16,SHRI GOVIND PRIMANRY ASHRAM SCHOOL KAKANDI,2,7,12,1,3,2,1,1,2,2,2,3,2,2,1,1,3,1,4,3,6,2,1,8,6,1,1,1,3,1,2,2,1,1,4,1,0,1,0,0,1,1,0,1,0,1,0,0,1,1,1
NDND18,ZILLA PARIISHED PRIMANRY WITH UPPEAR PARIMANRY SCHOOL MARLAK BK,2,6,11,1,1,1,1,2,2,2,1,2,2,2,1,1,1,3,4,3,6,6,1,6,8,8,1,1,1,2,1,1,2,2,4,1,0,1,0,0,1,1,0,1,1,1,0,0,1,1,1
NDND19,ZILLA PARIISHED PRIMANRY WITH UPPEAR PARIMANRY SCHOOL MARLAK BK,2,8,13,1,3,1,2,1,1,2,1,2,2,2,1,1,1,3,4,4,6,6,1,6,7,8,1,1,3,1,2,2,2,3,4,1,0,1,0,0,1,1,0,1,0,1,0,0,1,1,1
NDND20,ZILLA PARIISHED PRIMANRY WITH UPPEAR PARIMANRY SCHOOL MARLAK BK,2,6,11,1,1,1,3,1,3,2,1,3,2,2,1,1,3,2,4,3,6,6,1,6,2,8,1,1,1,1,2,2,2,2,4,1,0,1,0,0,1,1,0,1,0,1,0,0,1,1,1
NDND21,ZILLA PARIISHED PRIMANRY WITH UPPEAR PARIMANRY SCHOOL MARLAK BK,2,6,11,1,3,2,1,1,3,1,2,3,2,2,1,1,1,3,4,3,6,6,1,8,6,8,1,1,1,1,2,2,2,2,4,1,0,1,0,0,1,1,0,1,1,1,0,0,1,1,1
NDND22,ZILLA PARIISHED PRIMANRY WITH UPPEAR PARIMANRY SCHOOL MARLAK BK,2,8,13,1,3,1,1,2,2,2,1,3,2,2,1,1,3,3,4,3,6,6,1,6,8,8,1,1,3,1,2,1,1,1,4,1,0,1,0,0,1,1,0,1,1,1,0,0,1,1,1
NDND23,ZILLA PARIISHED PRIMANRY WITH UPPEAR PARIMANRY SCHOOL MARLAK BK,2,7,12,1,1,1,1,2,3,2,1,3,2,2,1,1,3,2,4,4,6,6,1,8,6,6,1,1,1,2,2,1,2,2,4,1,0,1,0,0,1,1,0,0,1,1,0,0,1,1,1
NDND24,ZILLA PARIISHED PRIMANRY WITH UPPEAR PARIMANRY SCHOOL MARLAK BK,2,7,12,1,1,1,2,2,2,1,2,2,2,1,1,1,3,1,4,3,6,6,1,8,6,6,1,1,1,1,2,2,2,2,4,1,0,1,0,0,1,1,0,1,0,1,0,0,1,1,1
NDND25,ZPCPS WAJEGAON,2,6,11,1,3,3,1,1,3,3,1,3,3,1,3,3,3,1,6,3,2,2,5,1,2,1,1,2,1,2,3,2,3,2,4,0,1,0,0,0,1,1,0,1,1,1,0,0,1,1,1
NDND26,ZPCPS WAJEGAON,2,7,12,1,3,3,2,2,2,3,1,3,2,1,1,3,1,1,4,0,6,2,1,5,6,1,1,3,1,2,2,3,1,2,4,0,1,1,0,0,1,1,0,1,1,1,0,0,1,1,1
NDND28,ZPCPS WAJEGAON,2,7,12,1,1,2,1,3,3,1,1,3,2,3,3,3,3,1,4,3,2,2,1,1,2,1,1,1,1,2,2,2,2,2,4,1,0,1,0,0,1,1,0,1,0,1,1,0,1,1,0
NDND30,ZPCPS WAJEGAON,1,7,12,0,1,2,0,1,1,2,2,2,2,1,2,2,1,1,4,3,6,2,1,5,2,1,1,1,3,2,1,2,2,2,4,0,1,1,0,0,1,1,0,1,0,1,0,0,1,1,1
NDND31,ZPCPS WAJEGAON,1,7,12,0,1,1,2,2,3,1,2,3,2,1,1,1,3,3,4,3,6,2,1,8,2,8,1,3,1,1,2,1,2,2,4,1,0,0,0,0,1,1,0,1,0,1,0,0,1,1,1
NDND32,ZPCPS WAJEGAON,1,6,11,0,1,0,0,1,0,0,0,3,0,0,1,0,1,1,4,4,6,2,7,6,2,8,1,3,2,1,2,1,1,1,4,1,0,1,0,1,0,1,0,1,1,0,1,0,1,1,1
NDND33,ZPHS LIMBGAON,2,7,12,1,3,1,3,1,3,2,2,3,2,2,1,2,2,2,4,3,8,6,1,5,6,1,1,1,1,1,2,3,2,2,4,1,0,1,0,0,1,1,0,1,0,1,0,0,1,1,0
NDND34,ZPHS LIMBGAON,1,9,14,1,3,1,1,3,3,2,2,3,2,3,1,1,3,3,4,3,6,2,5,7,6,1,1,3,1,1,1,2,2,2,4,1,0,1,0,0,1,1,0,1,1,1,0,0,1,1,1
NDND35,ZPHS LIMBGAON,2,6,11,1,1,1,3,3,3,1,1,2,2,1,2,2,3,3,4,3,2,2,1,8,8,8,1,3,1,1,1,2,2,2,4,1,0,1,0,0,1,1,0,1,1,1,0,0,1,1,1
NDND36,ZPHS LIMBGAON,2,10,15,1,1,1,1,2,2,1,2,3,2,2,1,1,3,3,4,3,6,6,1,8,6,8,1,3,1,1,3,1,3,2,4,0,1,1,0,0,1,1,0,1,0,1,0,0,1,1,1
NDND37,ZPHS LIMBGAON,2,6,11,1,1,1,1,3,2,2,1,3,2,2,1,2,3,2,4,3,8,8,1,8,6,8,1,3,2,2,2,3,2,1,4,1,0,1,0,0,1,1,0,1,1,1,0,0,1,1,1
NDND38,ZPHS LIMBGAON,1,7,12,1,1,1,2,1,1,2,2,3,2,2,3,1,3,1,4,3,8,8,1,8,6,1,1,3,1,1,3,1,2,2,4,1,0,1,0,0,1,1,0,1,0,1,0,0,1,1,1
NDND39,ZPHS LIMBGAON,1,8,13,1,3,1,1,2,3,1,2,3,1,2,2,2,2,1,4,3,8,6,1,8,2,8,1,1,1,1,2,2,1,2,4,1,0,1,0,0,1,1,0,1,0,1,0,0,1,1,1
NDND40,ZPHS LIMBGAON,2,7,12,1,1,1,3,2,2,1,1,2,2,3,3,1,1,3,4,3,8,2,1,8,2,8,1,3,2,2,2,3,2,3,4,0,1,1,0,0,1,1,0,1,0,0,0,0,1,1,1
NDND41,BHARAT VIDAYALYA (H.S.)SAKTINAGAR,2,7,12,1,3,3,3,3,3,3,1,3,2,1,3,1,3,3,1,1,2,2,1,1,2,1,4,1,1,2,2,3,1,2,4,0,0,1,0,0,0,1,1,0,0,0,0,1,2,4,1
NDND42,BHARAT VIDAYALYA (H.S.)SAKTINAGAR,2,8,13,0,3,3,3,2,3,3,0,3,3,3,3,1,3,3,2,3,2,2,1,4,7,1,8,3,1,3,3,2,3,1,4,0,0,0,0,0,1,1,1,1,1,1,1,1,1,1,1
NDND44,BHARAT VIDAYALYA (H.S.)SAKTINAGAR,1,7,12,0,3,3,3,2,3,3,1,3,3,3,3,3,3,3,4,4,2,2,1,1,2,1,8,1,1,2,2,2,3,2,4,0,0,1,0,0,1,1,1,0,1,1,0,0,2,1,1
NDND45,BHARAT VIDAYALYA (H.S.)SAKTINAGAR,2,8,13,0,3,3,3,3,3,3,3,3,3,1,1,3,3,3,4,3,2,2,1,1,8,8,8,3,1,3,3,3,3,3,4,1,1,1,0,0,1,1,0,1,1,1,0,0,1,1,1
NDND46,BHARAT VIDAYALYA (H.S.)SAKTINAGAR,2,9,14,0,3,3,3,3,3,3,3,3,3,3,3,3,3,3,3,4,2,2,1,4,2,8,8,3,3,3,2,1,2,3,4,1,1,1,0,1,1,1,0,1,1,1,0,0,1,1,1
NDND47,BHARAT VIDAYALYA (H.S.)SAKTINAGAR,2,9,13,0,1,2,3,1,3,1,1,3,3,1,3,3,3,3,4,3,2,2,1,8,2,8,4,3,3,3,3,3,3,3,4,1,1,1,0,1,1,1,0,1,1,1,0,0,1,1,1
NDND48,BHARAT VIDAYALYA (H.S.)SAKTINAGAR,2,9,13,0,3,2,1,1,3,3,1,3,3,3,3,3,3,3,4,3,2,2,8,8,2,8,8,3,3,3,3,3,3,3,4,1,1,1,0,1,1,1,0,1,1,1,0,0,1,1,1
NDND49,NWMNP VAZIRABAD,1,8,14,1,3,2,0,3,3,3,3,3,3,3,3,1,3,3,4,4,6,6,1,4,6,1,1,3,1,3,3,3,3,2,4,1,1,1,0,0,1,1,0,1,0,1,0,0,1,1,1
NDND50,NWMNP VAZIRABAD,2,9,14,0,3,3,3,3,3,3,3,3,3,3,3,3,3,3,4,3,6,6,1,6,6,8,1,3,3,2,2,1,3,1,4,1,1,1,0,0,1,1,0,1,1,1,0,0,1,1,1
NDND51,NWMNP VAZIRABAD,2,6,12,1,3,3,3,1,3,3,3,3,3,3,3,3,3,1,4,3,6,2,1,8,2,8,8,3,3,2,3,3,2,2,0,0,0,0,0,0,0,0,0,0,0,0,0,0,0,0,0
NDND52,NWMNP VAZIRABAD,2,7,12,1,3,1,1,1,3,3,1,1,2,1,1,1,1,1,4,2,2,2,1,2,6,2,1,2,1,2,2,2,2,2,4,1,1,1,0,0,1,0,0,0,0,1,0,0,1,1,1
NDND53,NWMNP VAZIRABAD,2,8,13,1,3,2,3,3,3,3,3,3,2,1,3,3,3,1,6,3,6,6,1,8,2,1,8,3,1,0,1,3,2,2,4,0,1,1,1,0,1,1,1,1,0,1,0,0,1,1,1
NDND54,NWMNP VAZIRABAD,1,8,13,1,3,2,3,3,3,3,3,3,2,3,3,3,3,3,2,3,7,7,8,8,4,8,8,3,3,2,1,3,2,2,4,1,1,1,1,1,1,1,0,1,1,1,0,0,1,1,1
NDND55,NWMNP VAZIRABAD,1,8,13,1,2,1,1,2,1,1,2,1,2,1,2,1,1,1,1,3,2,2,1,8,8,0,1,1,1,2,2,1,1,2,4,0,0,0,0,1,0,1,1,1,1,1,0,0,1,3,1
NDND56,NWMNP VAZIRABAD,2,8,14,1,3,3,3,3,3,3,3,3,2,3,3,3,3,3,4,3,3,2,1,7,4,8,8,2,1,2,2,2,1,2,4,1,1,1,0,1,1,1,1,1,1,1,0,0,1,1,1
NDND57,NWMNP WARD11 KHUMPLOT H.S,2,7,13,0,3,3,3,3,3,3,3,1,2,1,2,1,3,1,4,0,6,2,1,8,7,8,1,2,1,1,2,1,3,2,4,1,1,1,0,1,1,1,1,1,1,1,1,1,1,1,1
NDND58,NWMNP WARD11 KHUMPLOT H.S,2,6,13,1,3,3,3,3,3,3,3,1,2,1,2,1,3,1,4,3,6,2,0,8,2,8,8,2,1,2,2,1,3,1,0,1,1,1,0,1,1,1,1,1,1,1,1,1,1,1,1
NDND59,NWMNP WARD11 KHUMPLOT H.S,2,7,12,1,3,3,3,3,3,3,3,1,2,1,2,1,3,1,4,3,6,8,1,1,6,8,1,2,1,2,2,1,3,2,4,1,1,1,0,1,1,1,1,1,1,1,1,1,1,1,1
NDND60,NWMNP WARD11 KHUMPLOT H.S,2,7,12,1,3,3,3,3,3,3,3,1,2,1,1,1,3,1,4,3,6,6,1,8,7,1,8,2,1,2,3,1,3,0,4,1,1,1,0,1,1,1,1,1,1,1,1,1,2,1,1
NDND62,NWMNP WARD11 KHUMPLOT H.S,2,6,11,1,3,3,3,3,3,3,3,1,2,1,2,1,3,1,4,3,6,8,1,8,6,7,1,2,1,2,2,1,3,2,4,1,1,1,0,1,1,1,1,1,1,1,1,1,1,1,1
NDND63,NWMNP WARD11 KHUMPLOT H.S,2,7,12,1,3,3,3,3,3,3,3,1,2,1,2,1,3,1,4,3,6,6,1,8,6,8,8,2,1,2,2,1,3,2,4,1,1,0,0,1,1,1,0,1,1,1,0,1,1,1,1
NDND64,NWMNP WARD11 KHUMPLOT H.S,2,6,11,1,3,3,3,3,3,3,3,1,2,1,2,1,3,1,4,0,6,8,8,8,6,0,0,2,1,2,2,1,3,2,4,1,1,1,0,1,1,1,1,1,1,1,1,1,1,1,1
NDND65,ZPCPS VASARANI,2,9,14,1,1,2,1,1,1,2,2,3,2,2,1,1,1,3,3,0,8,2,1,1,8,8,8,3,1,1,1,2,2,2,,0,0,0,0,0,0,1,0,1,1,1,0,0,1,1,1
NDND66,ZPCPS VASARANI,2,7,12,1,1,1,1,1,1,2,2,1,2,1,1,1,2,3,4,3,6,6,1,2,2,2,2,1,1,1,2,2,2,2,4,1,1,0,1,0,1,1,0,1,1,0,0,0,1,1,1
NDND67,ZPCPS VASARANI,2,7,12,1,1,1,2,2,2,2,1,1,2,2,1,1,1,1,4,3,6,6,1,8,8,8,1,1,1,1,1,2,2,2,4,0,1,1,0,0,1,1,0,1,1,1,0,0,1,1,1
NDND68,ZPCPS VASARANI,2,8,13,1,1,1,3,1,1,2,1,1,2,1,1,1,1,2,4,3,7,2,8,8,1,1,1,1,1,1,2,2,0,2,4,1,0,1,0,0,1,1,0,1,1,1,0,0,1,1,1
NDND69,ZPCPS VASARANI,2,8,13,1,1,1,2,2,1,1,2,1,2,2,1,1,1,1,4,3,1,1,8,1,1,1,1,1,1,1,2,2,0,2,4,1,0,1,0,0,1,1,0,0,1,1,0,0,1,1,1
NDND70,ZPCPS VASARANI,2,6,11,1,3,2,1,1,1,2,2,3,2,1,1,1,3,1,4,3,6,2,1,8,2,8,1,1,1,1,2,0,0,2,4,0,1,1,0,0,1,1,1,1,0,0,0,0,1,1,1
NDND71,ZPCPS VASARANI,2,6,11,1,3,2,3,1,3,2,1,3,3,3,3,3,3,3,4,3,7,6,8,8,8,8,1,1,1,1,2,2,0,2,4,1,0,1,0,0,1,1,1,1,1,0,0,0,1,1,1
NDND72,ZPCPS VASARANI,2,7,12,1,1,2,1,1,1,2,2,2,2,1,1,1,3,1,4,3,2,2,1,8,8,1,1,3,1,1,1,2,0,2,4,1,0,1,0,0,1,1,1,0,1,0,0,0,1,1,1
NDND73,ZPHS (AIDED) CHAPHALA,2,8,12,0,3,3,3,1,2,1,2,3,3,3,3,3,3,3,4,3,2,2,1,8,2,1,8,1,1,2,2,3,3,2,4,1,1,1,1,1,1,1,0,1,1,1,0,0,1,1,1
NDND74,ZPHS (AIDED) CHAPHALA,1,10,15,1,3,2,3,3,3,3,1,2,2,1,3,2,3,1,2,3,2,2,1,3,2,2,1,3,3,1,2,1,2,2,4,1,1,0,1,1,0,0,1,1,0,1,0,0,1,1,1
NDND75,ZPHS (AIDED) CHAPHALA,1,9,14,1,3,2,3,3,3,1,1,3,2,1,1,3,3,1,2,4,2,2,1,5,2,1,4,3,1,2,1,3,2,2,4,1,1,1,0,1,1,1,0,1,1,1,0,0,1,1,1
NDND76,ZPHS (AIDED) CHAPHALA,2,9,14,1,3,3,3,3,3,3,3,3,2,3,3,3,3,3,2,4,6,6,7,8,6,4,4,3,1,0,3,3,2,2,4,1,1,1,0,0,1,1,1,1,1,1,0,0,1,1,1
NDND77,ZPHS (AIDED) CHAPHALA,2,9,14,1,3,0,3,3,3,3,3,3,3,3,3,3,3,3,2,4,6,6,7,4,6,8,8,3,1,2,3,3,2,2,4,1,1,1,0,0,0,1,1,1,1,1,0,0,1,1,1
NDND78,ZPHS (AIDED) CHAPHALA,1,9,15,1,3,2,3,3,3,3,3,3,3,2,3,3,3,3,4,3,6,6,5,5,6,1,7,3,1,2,3,2,2,2,4,1,1,1,1,1,1,0,1,0,1,1,1,1,1,1,1
NDND79,ZPHS (AIDED) CHAPHALA,2,9,14,1,3,3,3,3,3,3,3,3,3,3,3,3,3,3,2,3,6,6,1,1,6,0,0,3,1,2,3,3,2,2,4,1,1,1,0,0,0,1,1,1,1,1,0,0,1,1,1
NDND80,ZPHS (AIDED) CHAPHALA,1,10,16,1,3,0,3,0,3,3,3,3,2,1,1,1,3,1,4,3,2,2,4,1,4,8,8,2,3,3,1,3,2,3,4,1,1,1,0,0,1,0,0,0,0,1,0,0,1,1,1
NDND81,ZPPS TALANI,2,6,11,1,1,1,2,2,2,1,1,3,2,1,1,1,3,3,4,4,6,2,1,8,6,8,1,1,3,1,1,1,2,2,4,1,0,1,0,0,1,1,0,1,0,1,0,0,1,1,1
NDND82,ZPPS TALANI,2,7,12,1,3,1,1,2,2,1,1,3,2,3,1,1,3,3,4,3,2,6,1,8,6,8,1,3,1,2,1,1,1,2,4,1,0,1,0,0,1,1,0,1,0,1,0,0,1,1,1
NDND83,ZPPS TALANI,1,7,12,1,3,2,1,1,3,2,1,3,2,2,1,1,1,3,4,3,2,6,1,6,6,8,1,1,3,1,1,1,1,2,4,1,0,1,0,0,1,1,0,1,0,1,0,0,1,1,1
NDND84,ZPPS TALANI,1,8,13,1,3,1,2,1,1,2,2,2,2,2,1,1,1,3,4,3,6,6,1,8,6,8,1,1,1,1,2,2,2,2,4,1,0,1,0,0,1,1,0,1,0,1,0,0,1,1,1
NDND85,ZPPS TALANI,2,8,13,1,3,1,3,1,3,1,1,3,2,2,1,1,3,1,4,3,6,6,1,8,8,1,1,1,2,2,2,2,1,2,4,0,1,1,0,0,1,1,0,1,0,1,0,0,1,1,1
NDND86,ZPPS TALANI,1,7,12,1,3,2,3,1,1,3,2,2,2,2,1,1,3,2,4,4,2,6,1,8,2,8,1,1,3,2,1,1,1,2,4,1,0,1,0,0,1,1,0,1,1,1,0,0,1,1,1
NDND87,ZPPS TALANI,1,6,11,1,1,1,1,3,3,2,1,3,2,3,1,1,3,1,4,4,6,6,1,8,6,8,1,1,1,1,2,2,2,2,4,1,0,1,0,1,1,1,0,1,1,1,0,0,1,1,1
NDND88,ZPPS TALANI,2,8,13,1,3,1,1,2,2,1,2,3,2,2,1,1,1,3,4,4,6,6,1,8,6,8,1,1,3,2,1,1,1,2,4,1,0,1,0,1,1,1,0,1,0,1,0,0,1,1,1
NDND89,GODAVARI VID PIMPALGAO (N),1,10,15,1,1,1,1,1,1,2,2,2,2,3,1,1,3,3,4,3,2,6,1,8,6,8,1,1,1,3,3,2,2,2,4,0,1,1,0,0,1,1,0,1,1,1,0,0,1,1,1
NDND90,GODAVARI VID PIMPALGAO (N),1,9,14,1,3,2,1,1,1,2,1,3,2,2,1,1,3,3,4,3,2,2,1,2,2,1,1,1,1,1,1,2,2,2,4,0,1,1,0,0,1,1,0,1,1,1,0,0,1,1,1
NDND92,GODAVARI VID PIMPALGAO (N),1,8,13,1,1,3,3,1,1,2,2,3,2,2,1,1,3,1,4,3,6,6,1,2,8,8,1,1,1,1,1,2,2,2,4,0,1,0,0,0,1,1,0,1,1,1,0,0,1,1,1
NDND93,GODAVARI VID PIMPALGAO (N),2,6,11,1,1,1,1,2,2,2,1,3,2,2,2,1,1,1,4,3,6,2,2,6,1,1,1,1,1,1,1,2,1,2,4,1,0,1,0,0,1,1,0,1,1,1,0,0,1,1,1
NDND94,GODAVARI VID PIMPALGAO (N),2,7,12,1,3,2,2,2,1,1,2,3,2,2,2,1,1,1,4,3,6,6,1,8,8,8,1,1,1,1,1,2,2,2,4,1,0,1,0,0,1,1,0,1,1,1,0,0,1,1,1
NDND95,GODAVARI VID PIMPALGAO (N),2,6,11,1,1,1,1,1,1,2,2,3,2,2,1,1,1,1,4,3,8,2,1,6,6,1,1,1,1,1,2,1,1,2,4,1,0,1,0,0,1,1,0,1,1,1,0,0,1,1,1
NDND96,GODAVARI VID PIMPALGAO (N),2,7,12,1,1,1,1,2,2,2,1,3,2,2,1,1,2,1,4,3,6,2,1,1,2,1,1,1,1,1,1,2,2,2,4,0,0,1,0,0,1,1,0,1,1,1,0,0,1,1,1
NDND97,"ASHOK MADHYAMIC VID.VISHNUNAGAR, Nanded",2,9,14,1,3,3,1,3,3,2,1,3,3,1,1,3,3,3,1,4,6,6,1,8,6,1,1,2,1,2,2,1,2,2,4,1,1,1,0,0,0,1,0,1,0,1,0,0,1,2,1
NDND98,"ASHOK MADHYAMIC VID.VISHNUNAGAR, Nanded",2,8,13,1,2,2,1,3,3,3,3,3,2,1,3,3,3,3,2,1,6,6,1,8,2,1,1,3,1,2,2,1,3,2,4,1,1,0,0,0,1,1,0,1,0,1,0,0,1,2,0
NDND99,"ASHOK MADHYAMIC VID.VISHNUNAGAR, Nanded",2,7,12,1,3,0,0,0,3,0,0,0,0,0,3,3,3,3,2,1,6,6,7,8,6,5,4,3,1,2,2,1,1,2,4,1,0,1,1,0,0,1,0,1,0,1,0,0,1,2,0
NDND100,"ASHOK MADHYAMIC VID.VISHNUNAGAR, Nanded",2,9,13,1,3,3,1,3,1,2,1,3,3,1,1,3,3,3,4,1,6,6,1,4,6,1,4,2,1,2,2,1,2,2,4,1,1,0,0,1,1,1,1,1,1,1,1,0,1,2,0
NDBK1,LATE LAXMANRAO PATIL HASSEKAR SECONDARY SCHOOL LAGLOOD,2,10,15,1,3,2,3,3,3,2,2,3,3,3,3,1,3,1,4,4,2,6,5,8,2,8,8,3,3,1,1,3,1,1,4,1,0,1,0,0,1,1,1,1,1,1,0,0,1,5,1
NDBK2,LATE LAXMANRAO PATIL HASSEKAR SECONDARY SCHOOL LAGLOOD,2,10,15,1,3,2,3,3,3,2,3,3,3,3,3,1,3,1,4,4,2,2,7,7,2,8,8,3,3,1,1,1,1,1,4,1,1,1,0,0,1,1,1,1,1,1,0,0,1,5,1
NDBK3,LATE LAXMANRAO PATIL HASSEKAR SECONDARY SCHOOL LAGLOOD,2,9,15,1,3,2,3,3,3,2,2,3,3,3,3,1,3,1,4,4,2,2,1,1,6,8,8,3,3,3,3,1,3,1,4,1,1,1,0,0,1,1,1,1,1,1,0,0,1,5,1
NDBK4,LATE LAXMANRAO PATIL HASSEKAR SECONDARY SCHOOL LAGLOOD,2,9,14,1,3,2,3,3,3,2,3,3,3,3,3,1,3,1,6,3,2,6,8,8,2,8,8,3,3,2,1,3,1,2,4,1,1,1,0,0,1,1,1,1,1,1,0,0,1,5,1
NDBK5,MADINATUL ULOOM HS BHOKAR,2,7,12,1,3,1,3,3,1,2,1,3,2,1,3,1,3,1,6,3,6,6,1,7,7,8,8,3,1,3,2,1,3,3,0,1,1,1,0,0,1,1,1,1,1,1,0,1,1,1,1
NDBK6,MADINATUL ULOOM HS BHOKAR,2,8,13,1,3,1,3,3,3,2,3,3,3,1,3,1,3,1,,3,6,6,8,5,6,8,8,3,1,2,2,3,3,2,4,1,1,1,0,0,1,1,1,1,1,1,0,1,1,5,1
NDBK8,MADINATUL ULOOM HS BHOKAR,2,10,17,1,3,2,3,3,3,2,3,3,2,1,3,1,3,1,,4,6,6,1,5,6,8,8,3,3,2,2,3,3,3,4,1,1,1,0,0,1,1,1,1,1,1,0,0,1,5,1
NDBK9,ZILLA PARISHAD HIGH SCHOOL BHOKAR,2,7,13,1,3,2,3,3,3,2,3,3,2,3,3,1,3,1,,3,2,6,1,7,6,8,8,3,3,1,2,3,3,3,4,1,1,1,0,0,1,1,1,1,1,1,0,0,1,5,1
NDBK10,ZILLA PARISHAD HIGH SCHOOL BHOKAR,2,8,14,1,3,2,3,3,2,1,3,3,3,3,3,1,3,1,4,3,6,2,8,5,6,8,7,3,3,3,3,3,3,3,4,1,1,1,0,0,1,1,1,1,1,1,0,0,1,5,1
NDBK11,ZILLA PARISHAD HIGH SCHOOL BHOKAR,2,9,14,1,3,2,3,3,3,2,3,3,2,3,3,1,3,1,,4,2,6,1,7,6,8,8,3,3,3,3,3,3,2,4,1,1,1,0,0,1,1,1,1,1,1,0,0,1,5,1
NDBK12,ZILLA PARISHAD HIGH SCHOOL BHOKAR,2,10,15,1,3,2,3,3,3,2,3,3,3,3,3,1,3,1,,4,6,6,7,7,8,8,8,3,3,3,3,2,3,3,4,1,1,1,0,0,1,1,1,1,1,1,0,0,1,5,1
NDBK13,ZILLA PARISHAD HIGH SCHOOL PALAJ,2,9,15,1,3,2,3,3,3,2,1,3,3,3,3,1,3,1,4,4,2,6,8,7,2,8,7,3,3,1,1,1,3,1,4,1,1,1,0,0,1,1,1,1,1,1,0,0,1,5,1
NDBK14,ZILLA PARISHAD HIGH SCHOOL PALAJ,2,9,15,1,3,2,3,3,3,2,1,3,3,3,3,1,3,1,4,4,2,6,8,8,6,8,8,3,3,3,3,1,1,2,4,1,1,1,0,0,1,1,1,1,1,1,0,0,1,5,1
NDBK16,ZILLA PARISHAD HIGH SCHOOL PALAJ,2,8,13,1,3,2,3,3,3,2,3,3,3,3,3,1,3,1,4,3,2,6,8,5,2,8,7,3,3,3,1,1,1,2,4,1,1,1,0,0,1,1,1,1,1,1,0,0,1,5,1
NDBK17,ZILLA PARISHAD HIGH SCHOOL PALAJ,2,7,12,1,3,2,3,3,3,2,3,3,3,3,3,1,3,1,,3,2,6,8,7,7,8,7,3,3,3,3,3,1,3,4,1,1,1,0,0,1,1,1,1,1,1,0,0,1,5,1
NDBK18,ZILLA PARISHAD HIGHSCHOOL KINI,2,8,13,1,3,2,3,3,3,2,3,3,3,3,3,1,3,1,4,3,2,6,8,4,2,8,7,3,3,3,3,2,3,3,4,1,1,1,0,0,1,1,1,1,1,1,0,0,1,5,1
NDBK19,ZILLA PARISHAD HIGHSCHOOL KINI,2,9,14,1,3,2,3,3,3,2,3,3,3,3,2,1,3,1,4,4,6,6,5,8,6,8,8,3,3,3,3,1,1,1,4,1,1,1,0,0,1,1,1,1,1,1,0,0,1,5,1
NDBK20,ZILLA PARISHAD HIGHSCHOOL KINI,2,9,17,1,3,2,3,2,3,2,3,3,3,3,3,1,3,1,4,3,6,6,8,7,2,7,7,3,3,3,3,3,3,1,4,1,1,1,0,0,1,1,1,1,1,1,0,0,1,5,1
NDBK21,ZILLA PARISHAD HIGHSCHOOL KINI,2,7,15,1,3,2,3,3,3,2,3,3,3,1,3,1,3,1,0,3,2,6,8,7,2,8,8,3,3,2,3,3,3,2,4,1,1,1,0,0,1,1,1,1,1,1,0,0,1,5,1
NDBK22,ZILLA PARISHAD PRIMARY SCHOOL URDU BHOKAR,2,9,16,1,3,2,3,3,3,2,3,3,3,3,3,1,3,1,,3,6,2,8,5,6,8,7,3,3,2,2,1,3,3,4,1,1,1,0,0,1,1,1,1,1,1,0,0,1,5,1
NDBK23,ZILLA PARISHAD PRIMARY SCHOOL URDU BHOKAR,2,9,17,1,3,2,3,3,3,2,3,3,3,3,3,1,3,1,,4,2,6,7,4,7,8,8,3,3,2,1,3,1,2,4,1,1,1,0,0,1,1,1,1,1,1,0,0,1,5,1
NDBK24,ZILLA PARISHAD PRIMARY SCHOOL URDU BHOKAR,2,9,17,1,3,2,3,3,3,2,1,3,3,3,3,1,3,1,,3,8,7,7,8,8,8,5,3,3,2,3,3,3,2,4,1,1,1,0,0,1,1,1,1,1,1,0,0,1,5,1
NDBK25,ZILLA PARISHAD PRIMARY SCHOOL URDU BHOKAR,2,8,14,1,3,2,3,3,3,2,3,3,2,3,3,1,3,1,4,3,2,6,5,7,8,8,8,3,3,3,2,3,3,3,4,1,1,1,0,0,1,1,1,1,1,1,0,0,1,5,1
NDBK26,ZPHS MATUL,2,6,12,1,3,2,3,3,3,2,3,3,3,3,3,1,3,1,6,3,2,2,8,8,6,8,8,3,3,1,1,1,3,2,4,1,1,1,0,0,1,1,1,1,1,1,0,0,1,5,1
NDBK27,ZPHS MATUL,2,7,13,1,3,2,3,3,3,2,3,3,3,3,3,3,3,1,6,3,6,2,1,8,2,8,8,3,3,3,1,1,3,1,4,1,1,1,0,0,1,1,1,1,1,1,0,0,1,1,1
NDBK28,ZPHS MATUL,2,9,14,1,3,2,3,3,3,2,3,3,3,3,3,1,3,1,6,3,2,2,8,8,2,8,8,3,3,1,1,3,1,1,4,1,1,1,0,0,1,1,1,1,1,1,0,0,1,5,1
NDBK29,ZPHS MATUL,2,7,13,1,3,2,3,3,3,2,2,3,3,3,3,1,3,1,6,3,6,2,1,8,2,8,8,3,3,1,1,1,1,1,4,1,1,1,0,0,1,1,1,1,1,1,0,0,1,4,1
NDBK30,ADIWASHI ASH SCH SALWADI,2,10,15,1,3,2,3,3,3,2,3,3,2,1,3,1,3,1,0,3,2,2,1,7,2,8,7,3,3,2,3,3,3,2,4,1,1,1,0,0,1,1,1,1,1,1,0,0,1,5,1
NDBK31,ADIWASHI ASH SCH SALWADI,2,9,16,1,3,2,3,3,3,2,3,3,3,1,3,1,3,1,0,3,2,2,5,1,7,8,8,3,1,2,3,3,3,2,4,1,1,1,0,0,1,1,1,1,1,1,0,0,1,5,1
NDBK32,ADIWASHI ASH SCH SALWADI,2,7,13,1,3,2,3,3,3,2,1,3,3,3,3,1,3,1,,3,7,2,1,7,6,8,8,3,3,1,3,3,3,2,4,1,1,1,0,0,1,1,1,1,1,1,0,0,1,5,1
NDBK33,ADIWASHI ASH SCH SALWADI,2,8,15,1,3,2,3,3,1,2,3,3,3,3,3,1,3,1,,4,2,6,8,1,8,8,8,3,3,3,2,3,3,3,4,1,1,1,0,0,1,1,1,1,1,1,0,0,1,5,1
NDHG1,ADARSH VIDHYALYA MANATHA,2,6,12,1,3,0,3,3,3,3,3,1,2,1,3,3,3,3,2,3,2,2,1,1,2,1,5,1,1,2,2,2,1,2,4,1,1,1,0,1,1,1,1,1,1,1,0,0,1,1,1
NDHG2,ADARSH VIDHYALYA MANATHA,2,7,13,1,3,0,3,3,3,3,3,1,2,1,3,3,3,3,2,3,2,2,1,1,2,1,5,3,1,2,2,2,1,2,4,1,1,1,0,1,1,1,1,1,1,1,0,0,1,1,1
NDHG3,ADARSH VIDHYALYA MANATHA,2,8,14,1,3,0,3,0,3,3,0,1,2,1,0,3,0,0,2,3,6,2,1,8,6,1,5,0,1,2,2,2,1,2,4,1,1,1,0,1,1,1,1,1,1,1,0,0,1,1,1
NDHG4,ADARSH VIDHYALYA MANATHA,1,6,12,1,3,0,3,3,3,3,3,1,2,1,3,3,3,3,2,3,2,2,1,1,2,1,5,1,1,2,2,2,1,2,4,1,1,1,0,1,1,1,1,1,1,1,0,0,1,1,1
NDHG5,ADARSH VIDHYALYA MANATHA,1,7,13,1,3,0,3,3,3,3,3,1,2,1,3,3,3,3,2,3,2,2,1,1,2,1,5,3,1,2,2,2,1,2,4,1,1,1,0,1,1,1,1,1,1,1,0,0,1,1,1
NDHG6,ADARSH VIDHYALYA MANATHA,1,8,14,1,3,0,3,3,3,3,3,1,2,1,3,3,3,3,2,3,2,2,1,1,2,1,5,1,1,2,2,2,1,2,4,1,1,1,0,1,1,1,1,1,1,1,0,0,1,1,1
NDHG8,ANUSUCHIT JATI MULINCHI SHASKIYA NIWASI SHALA TAMSAROD HADGON,2,9,15,1,3,2,3,3,3,3,3,3,2,3,3,3,3,3,2,3,6,6,5,8,6,1,4,2,1,2,2,2,2,2,4,1,1,1,0,1,1,1,1,1,1,1,0,0,1,1,1
NDHG9,ANUSUCHIT JATI MULINCHI SHASKIYA NIWASI SHALA TAMSAROD HADGON,2,8,13,1,3,2,3,3,3,3,3,3,2,3,3,3,3,3,2,3,6,6,5,8,6,1,7,2,1,2,2,2,2,2,4,1,1,1,0,1,1,1,1,1,1,1,0,0,1,1,1
NDHG10,ANUSUCHIT JATI MULINCHI SHASKIYA NIWASI SHALA TAMSAROD HADGON,2,8,13,1,3,2,3,3,3,3,3,3,2,3,3,3,3,3,2,3,6,6,5,8,6,1,7,2,1,2,2,2,2,2,4,1,1,1,0,1,1,1,1,1,1,1,0,0,1,1,1
NDHG11,ANUSUCHIT JATI MULINCHI SHASKIYA NIWASI SHALA TAMSAROD HADGON,2,7,12,0,3,2,3,3,3,3,3,3,2,3,3,3,3,3,2,3,6,6,5,8,6,1,7,2,1,2,2,2,2,2,4,1,1,1,0,1,1,1,1,1,1,1,0,0,1,1,1
NDHG12,ANUSUCHIT JATI MULINCHI SHASKIYA NIWASI SHALA TAMSAROD HADGON,2,7,12,1,3,2,3,3,3,3,3,3,2,3,3,3,3,3,2,3,6,6,5,8,6,1,7,2,1,2,2,2,2,2,4,1,1,1,0,1,1,1,1,1,1,1,0,0,1,1,1
NDHG13,ANUSUCHIT JATI MULINCHI SHASKIYA NIWASI SHALA TAMSAROD HADGON,2,6,11,1,3,2,1,3,3,3,3,3,2,3,3,3,3,3,2,3,6,6,5,8,6,1,7,2,1,2,2,2,2,2,4,1,1,1,0,1,1,1,1,1,1,1,0,0,1,1,1
NDHG14,ANUSUCHIT JATI MULINCHI SHASKIYA NIWASI SHALA TAMSAROD HADGON,2,6,11,1,3,2,3,3,3,3,3,3,2,3,3,3,3,3,2,3,6,6,5,8,6,1,7,2,1,2,2,2,2,2,4,1,1,1,0,1,1,1,1,1,1,1,0,0,1,1,1
NDHG15,ANUSUCHIT JATI MULINCHI SHASKIYA NIWASI SHALA TAMSAROD HADGON,2,9,15,1,3,2,3,3,3,3,3,3,2,3,3,3,3,3,2,3,6,6,5,8,6,8,5,2,1,2,2,2,2,2,4,1,1,1,0,1,1,1,1,1,1,1,0,0,1,1,1
NDHG17,CPS NIMGAON,2,7,12,1,3,2,3,3,3,3,3,3,2,3,3,3,3,3,2,3,2,4,6,7,7,8,5,1,1,2,2,2,2,2,4,1,1,1,0,1,1,1,0,1,0,1,0,0,1,1,1
NDHG18,CPS NIMGAON,2,8,14,1,3,2,3,3,3,3,3,3,2,3,3,3,3,3,2,3,2,2,5,7,6,8,5,1,1,2,2,2,2,2,4,1,1,1,0,1,1,1,0,1,1,1,0,0,1,1,1
NDHG19,CPS NIMGAON,1,7,14,1,3,2,3,3,3,3,3,3,2,3,3,3,3,3,2,3,2,2,5,7,6,8,5,1,1,2,2,2,2,2,4,1,1,1,0,1,1,1,0,1,1,1,1,1,1,1,1
NDHG20,CPS NIMGAON,1,6,11,1,3,2,3,3,3,3,3,3,2,3,3,3,3,3,2,3,2,2,5,7,6,8,5,1,1,2,2,2,2,2,4,1,1,1,0,1,1,1,0,1,1,1,1,0,1,1,1
NDHG21,CPS NIMGAON,2,9,14,1,3,2,3,3,3,3,3,3,2,3,3,3,3,3,2,3,2,2,5,7,6,8,5,1,1,2,2,2,2,2,4,1,1,1,0,1,1,1,1,1,1,1,1,1,1,1,1
NDHG22,CPS NIMGAON,1,9,14,1,3,2,3,3,3,3,3,3,2,3,3,3,3,3,2,3,2,2,5,7,6,8,5,1,1,2,2,2,2,2,4,1,1,1,0,1,1,1,0,1,1,1,1,1,1,1,1
NDHG23,CPS NIMGAON,2,6,11,1,3,2,3,3,3,3,3,3,2,3,3,3,3,3,2,3,2,2,5,7,6,8,5,1,1,2,2,2,2,2,4,1,1,1,0,1,1,1,0,1,0,1,0,0,1,1,1
NDHG24,DATTA H S & JR COLLEGE TALNI,2,6,11,1,3,0,3,3,3,3,3,1,2,1,3,3,3,3,2,3,2,2,1,1,2,1,3,1,1,2,2,2,1,2,4,1,1,1,0,1,1,1,1,1,1,1,0,0,1,1,0
NDHG26,DATTA H S & JR COLLEGE TALNI,1,8,13,1,3,0,3,3,3,3,3,1,2,1,3,3,3,3,2,3,2,2,1,1,2,1,5,1,1,2,2,2,1,2,4,1,1,1,0,1,1,1,1,1,1,1,0,0,1,2,1
NDHG27,DATTA H S & JR COLLEGE TALNI,1,7,12,1,3,0,3,3,3,3,3,1,2,1,3,3,3,3,2,3,2,8,1,1,2,1,5,1,1,2,2,2,1,2,4,1,1,1,0,1,1,1,1,1,1,1,0,0,1,1,1
NDHG28,DATTA H S & JR COLLEGE TALNI,1,9,15,1,3,0,3,3,3,3,3,1,2,1,3,3,3,3,2,3,2,2,1,1,2,1,3,1,1,2,2,2,1,2,4,1,1,1,0,1,1,1,1,1,1,1,0,0,1,1,1
NDHG29,DATTA H S & JR COLLEGE TALNI,2,7,13,0,3,0,3,3,3,3,3,1,2,1,3,3,3,3,2,3,2,2,1,1,2,1,3,1,1,2,2,2,1,2,4,1,1,1,0,1,1,1,1,1,1,1,0,0,1,1,1
NDHG31,DATTA H S & JR COLLEGE TALNI,2,9,15,1,3,0,3,3,3,3,3,1,2,1,3,3,3,3,2,3,2,2,1,1,2,1,3,1,1,2,2,2,1,2,4,1,1,1,0,1,1,1,1,1,1,1,0,0,1,1,1
NDHG32,DNYANVARDHINI H.S.,1,9,15,1,3,2,3,3,3,3,3,3,2,3,3,3,3,3,2,3,2,2,1,1,2,1,1,2,1,2,2,2,2,2,4,1,1,1,0,1,1,1,1,1,1,1,1,1,1,1,1
NDHG34,DNYANVARDHINI H.S.,1,10,16,1,3,2,3,3,3,3,3,3,2,3,3,3,3,3,2,3,2,2,5,8,6,1,1,3,1,2,2,2,2,2,0,1,1,1,0,1,1,1,1,1,1,1,1,1,1,1,1
NDHG35,DNYANVARDHINI H.S.,1,10,16,1,3,2,3,3,3,3,3,3,2,3,3,3,3,3,2,3,2,6,1,8,2,1,1,2,1,2,2,2,2,2,4,1,1,1,0,1,1,1,1,1,1,1,1,1,1,1,1
NDHG36,DNYANVARDHINI H.S.,2,8,13,1,3,2,3,3,3,3,3,3,2,3,3,3,3,3,2,3,2,6,0,1,6,0,1,2,1,2,2,2,2,2,4,1,1,1,0,1,1,1,1,1,1,1,1,1,0,0,0
NDHG37,DNYANVARDHINI H.S.,2,8,13,1,3,2,3,3,3,3,3,3,2,3,3,3,3,3,2,3,6,2,1,8,6,1,1,2,1,2,2,2,2,2,4,1,1,1,0,1,1,1,1,1,1,1,1,1,0,0,0
NDHG38,DNYANVARDHINI H.S.,2,9,15,1,3,2,3,3,3,3,3,3,2,3,3,3,3,3,2,3,6,6,1,0,6,1,1,2,1,2,2,2,2,2,4,1,1,1,0,1,1,1,1,1,1,1,1,1,0,0,0
NDHG39,DNYANVARDHINI H.S.,2,10,15,1,3,2,3,3,3,3,3,3,2,3,3,3,3,3,2,3,6,2,1,1,6,1,1,0,0,0,0,0,0,0,0,0,0,0,0,0,0,0,0,0,0,0,0,0,0,0,0
NDHG40,ZPHS ASHTI,1,8,14,1,3,2,3,3,3,3,3,3,2,3,3,3,3,3,2,3,2,2,1,4,6,1,5,2,1,2,2,2,2,2,4,1,1,1,0,1,1,1,1,1,1,1,1,1,1,1,1
NDHG41,ZPHS ASHTI,2,6,12,1,3,2,3,3,3,3,3,3,2,3,3,3,3,3,2,3,2,2,1,4,6,1,1,2,1,2,2,2,2,2,4,1,1,1,0,1,1,1,0,1,1,1,1,1,1,1,1
NDHG42,ZPHS ASHTI,2,7,13,1,3,2,3,3,3,3,3,3,2,3,3,3,3,3,2,3,2,2,1,4,6,1,5,2,1,2,2,2,2,2,4,1,1,1,0,1,1,1,0,1,1,1,1,1,1,1,1
NDHG43,ZPHS ASHTI,2,8,14,1,3,2,3,3,3,3,3,3,2,3,3,3,3,3,2,3,2,2,1,4,6,1,5,2,1,2,2,2,2,2,4,1,1,1,0,1,1,1,0,1,1,1,1,1,1,1,1
NDHG44,ZPHS ASHTI,2,9,15,1,3,2,3,3,3,3,3,3,2,3,3,3,3,3,2,3,2,2,1,4,6,1,5,2,1,2,2,2,2,2,4,1,1,1,0,1,1,1,0,1,1,1,1,1,1,1,1
NDHG45,ZPHS ASHTI,1,6,12,1,3,2,3,3,3,3,3,3,2,3,3,3,3,3,2,3,8,2,1,4,6,1,5,2,1,2,2,2,1,2,4,1,1,1,0,1,1,1,0,1,1,1,1,1,1,1,1
NDHG46,ZPHS ASHTI,1,9,15,1,3,2,3,3,3,3,3,3,2,3,3,3,3,3,2,3,2,2,1,4,6,1,5,2,1,2,2,2,1,2,4,1,1,1,0,1,1,1,0,1,1,1,1,0,1,1,1
NDHG47,ZPHS ASHTI,1,7,13,1,3,2,3,3,3,3,3,3,2,3,3,3,3,3,2,3,2,2,1,4,6,1,5,2,1,2,2,2,1,2,4,1,1,1,0,1,1,1,0,1,1,1,1,1,1,1,1
NDKD1a,MAHATMA BASWESHWAR SEC. SCHOOL RUI,2,10,15,1,3,2,3,3,3,2,3,3,3,3,3,1,3,1,6,3,2,2,1,1,2,8,8,3,3,3,3,3,1,0,4,1,1,1,0,0,1,1,1,1,1,1,0,0,1,1,1
NDKD2a,MAHATMA BASWESHWAR SEC. SCHOOL RUI,2,9,15,1,3,2,3,3,3,2,3,3,3,3,3,1,3,1,6,3,2,2,1,5,6,8,5,3,3,1,3,3,3,1,4,1,1,1,0,0,1,1,1,1,1,1,0,0,1,1,1
NDKD3a,MAHATMA BASWESHWAR SEC. SCHOOL RUI,2,8,14,1,3,3,3,3,3,2,3,3,3,3,3,1,3,1,6,3,2,2,1,8,6,8,8,3,3,3,1,1,3,2,4,1,1,1,0,0,1,1,1,1,1,1,0,0,1,1,1
NDKD4a,MAHATMA BASWESHWAR SEC. SCHOOL RUI,2,7,12,1,3,2,3,1,3,2,1,3,3,3,3,1,3,1,6,3,2,2,1,1,2,8,8,3,3,3,3,3,1,1,4,1,1,1,0,0,1,1,1,1,1,1,0,0,1,1,1
NDKW1,AIDD.SEC.ASHRAM MOHAPR,2,10,15,1,2,0,0,0,0,0,0,2,0,0,0,0,0,0,4,2,3,8,1,1,2,1,1,2,1,2,1,2,2,2,0,1,0,0,0,0,0,0,0,0,1,0,0,0,1,1,0
NDKW2,AIDD.SEC.ASHRAM MOHAPR,1,8,14,1,3,2,3,1,3,3,3,3,2,3,3,3,3,3,4,4,2,2,5,8,2,8,5,3,1,3,3,1,1,3,4,1,1,1,0,1,1,1,1,1,1,1,1,1,1,6,1
NDKW3,AIDD.SEC.ASHRAM MOHAPR,1,9,14,1,3,0,3,0,3,0,3,3,2,3,3,3,3,3,4,1,4,2,5,4,2,1,4,1,1,2,2,2,1,2,4,0,0,0,0,0,0,0,0,0,0,0,0,0,0,0,0
NDKW4,AIDD.SEC.ASHRAM MOHAPR,1,10,16,1,1,1,3,3,3,2,1,3,3,1,3,1,3,3,0,0,0,0,0,0,0,0,0,0,0,0,0,0,0,0,0,0,0,0,0,0,0,0,0,0,0,0,0,0,0,0,0
NDKW5,AIDD.SEC.ASHRAM MOHAPR,1,10,15,1,3,3,2,3,3,3,2,3,1,2,1,2,2,1,1,2,2,2,1,3,2,1,0,1,2,0,1,2,0,0,4,1,1,1,1,1,1,0,0,0,0,1,0,0,0,1,0
NDKW6,AIDD.SEC.ASHRAM MOHAPR,2,10,15,0,3,3,3,3,3,3,1,3,2,1,3,3,3,3,4,3,3,2,1,1,6,1,1,3,3,0,0,3,3,0,4,1,1,0,0,0,1,1,0,1,1,1,0,0,1,1,1
NDKW7,AIDD.SEC.ASHRAM MOHAPR,2,10,15,1,0,0,0,0,3,0,0,0,2,0,0,0,0,0,2,3,3,3,1,1,3,1,1,2,1,2,2,1,2,2,4,1,1,1,0,0,1,0,0,1,0,0,0,0,1,1,0
NDKW8,AIDD.SEC.ASHRAM MOHAPR,2,10,14,1,0,0,0,0,2,0,0,2,0,0,0,0,0,0,0,3,2,1,1,3,2,1,1,2,1,2,2,1,2,2,4,0,0,0,0,0,0,0,0,0,0,0,0,0,0,1,1
NDKW9,EKLAVYA RESIDENTIAL SCHOOL SAHASTRAKUND,2,10,17,0,2,0,2,0,0,0,0,3,2,3,1,1,3,3,2,3,6,2,8,8,2,8,4,2,1,1,2,3,2,2,4,1,1,1,1,1,1,1,0,1,1,1,0,0,1,2,1
NDKW10,EKLAVYA RESIDENTIAL SCHOOL SAHASTRAKUND,1,9,14,1,3,2,3,3,3,3,3,3,3,3,3,3,3,3,4,1,2,2,5,7,2,1,1,0,1,2,2,3,3,2,4,1,1,1,0,1,1,1,1,1,1,1,1,0,1,3,1
NDKW11,EKLAVYA RESIDENTIAL SCHOOL SAHASTRAKUND,1,9,15,1,3,0,3,0,0,3,0,1,2,1,1,2,2,1,2,1,2,2,5,1,2,1,1,1,1,2,2,2,1,2,4,1,1,1,0,1,0,1,1,0,1,1,0,0,1,6,1
NDKW12,EKLAVYA RESIDENTIAL SCHOOL SAHASTRAKUND,2,10,16,0,3,0,0,0,0,0,3,3,2,3,0,0,0,0,2,3,2,6,8,1,6,8,8,0,0,0,0,0,0,3,1,1,0,0,0,0,0,1,1,1,0,1,0,0,1,1,1
NDKW13,EKLAVYA RESIDENTIAL SCHOOL SAHASTRAKUND,1,7,12,1,3,2,3,3,3,3,3,3,2,1,3,3,3,3,6,3,6,2,1,8,7,1,1,1,1,0,1,3,1,0,4,1,1,1,0,1,1,0,0,0,1,0,0,1,1,3,1
NDKW14,EKLAVYA RESIDENTIAL SCHOOL SAHASTRAKUND,1,7,12,0,0,0,0,0,1,0,0,0,0,1,0,0,0,0,4,3,2,2,1,1,2,8,1,0,0,0,0,0,0,0,4,1,0,0,0,0,0,0,0,0,0,0,0,0,1,4,1
NDKW15,EKLAVYA RESIDENTIAL SCHOOL SAHASTRAKUND,2,8,13,1,3,3,3,3,3,3,3,2,2,3,3,3,3,1,4,3,2,2,1,1,3,1,1,2,2,1,2,3,2,3,4,1,1,1,0,0,1,1,1,1,1,1,0,1,1,6,1
NDKW16,EKLAVYA RESIDENTIAL SCHOOL SAHASTRAKUND,1,9,15,1,3,2,3,1,3,2,3,3,2,1,3,3,3,3,2,3,6,6,1,4,6,8,1,3,1,2,2,1,1,2,4,1,1,1,0,1,1,1,0,1,1,1,0,0,1,3,1
NDKW17,GOVT ASHRAM HS JALDHARA,2,7,12,1,3,0,0,3,3,3,0,0,2,1,0,1,1,1,2,3,0,2,2,1,1,0,1,1,0,0,0,0,0,2,4,1,1,1,0,0,0,1,0,1,1,1,0,0,0,0,1
NDKW19,GOVT ASHRAM HS JALDHARA,1,8,14,0,3,0,1,0,1,1,0,1,0,1,1,0,0,0,0,0,0,0,0,0,0,0,0,0,0,0,0,0,0,0,0,1,1,0,0,1,0,1,0,1,1,0,1,0,1,0,1
NDKW21,GOVT ASHRAM HS JALDHARA,1,8,14,0,3,2,1,1,1,3,0,1,2,1,1,1,3,3,0,0,0,0,0,0,0,0,0,0,0,0,0,0,0,0,0,1,1,0,0,1,0,1,0,1,1,0,1,0,1,0,1
NDKW22,GOVT ASHRAM HS JALDHARA,2,6,12,1,3,0,3,3,3,3,0,0,2,1,0,1,1,1,2,3,2,2,1,1,2,1,1,0,1,1,1,1,2,2,4,1,1,1,1,0,1,1,0,1,0,1,0,0,1,2,0
NDKW23,GOVT ASHRAM HS JALDHARA,2,10,15,1,3,0,3,3,3,3,0,0,2,1,0,1,1,1,2,3,2,2,1,1,2,1,1,1,1,2,1,1,2,2,4,1,1,1,0,0,1,1,0,1,0,1,0,0,1,2,1
NDKW24,GOVT ASHRAM HS JALDHARA,2,10,15,1,3,0,0,3,3,3,0,0,2,1,0,1,1,1,2,3,2,2,1,1,3,1,1,0,1,0,0,0,0,2,4,1,1,1,0,0,1,1,0,1,1,1,0,0,1,2,1
NDKW25,Z.P.H.S. (AIDED) KOSMET,1,10,15,1,3,0,3,2,3,3,2,3,2,1,1,1,3,1,4,3,6,2,5,4,6,8,1,3,1,1,2,1,3,2,4,1,1,1,0,0,0,1,1,1,0,1,0,0,1,4,1
NDKW26,Z.P.H.S. (AIDED) KOSMET,2,10,15,1,3,1,3,3,3,3,1,3,2,3,1,3,1,3,4,3,6,2,1,5,6,1,1,1,1,2,0,0,2,2,4,1,1,1,0,0,1,1,1,1,1,1,1,0,1,4,1
NDKW27,Z.P.H.S. (AIDED) KOSMET,2,9,14,0,3,2,1,3,3,3,1,3,2,1,1,3,3,3,2,3,6,6,1,1,6,4,1,1,1,1,1,3,3,2,4,1,1,1,0,1,1,1,0,1,0,1,0,0,1,3,1
NDKW28,Z.P.H.S. (AIDED) KOSMET,2,9,14,0,3,0,3,3,3,3,0,3,3,3,3,3,3,3,7,1,6,6,4,1,6,1,1,0,0,0,0,0,3,0,4,1,1,1,0,1,0,1,1,1,1,1,1,0,1,7,1
NDKW29,Z.P.H.S. (AIDED) KOSMET,1,9,15,1,3,0,3,3,3,3,3,3,3,3,3,3,3,3,2,1,2,2,4,4,4,8,8,3,3,0,0,3,3,2,4,1,1,1,0,1,1,1,0,1,1,1,0,0,1,1,1
NDKW30,Z.P.H.S. (AIDED) KOSMET,2,10,15,1,3,3,3,3,3,3,3,3,3,3,3,3,3,3,4,4,6,6,5,1,4,8,1,3,1,0,1,3,3,2,4,1,1,1,0,1,1,1,0,1,1,1,0,0,1,6,1
NDKW31,Z.P.H.S. (AIDED) KOSMET,1,10,15,0,3,2,3,3,3,2,1,3,2,1,1,3,3,3,4,4,2,2,1,2,2,1,1,1,3,2,3,3,3,2,4,1,1,1,0,0,1,1,0,0,0,0,0,0,1,2,1
NDKW33,ZPHS MANDVI (PALSHI),2,9,15,1,3,2,3,3,3,3,3,3,3,3,3,3,3,3,2,3,6,6,5,4,4,8,8,0,1,1,1,2,3,2,4,1,1,0,0,1,0,0,0,1,1,1,0,0,1,3,1
NDKW34,ZPHS MANDVI (PALSHI),1,9,15,1,3,3,1,1,3,3,1,3,2,3,3,3,3,3,2,2,7,6,7,4,7,8,7,2,1,2,2,2,2,2,4,1,1,1,0,1,0,1,0,1,1,1,0,0,1,3,1
NDKW35,ZPHS MANDVI (PALSHI),2,10,15,1,3,3,3,3,3,3,3,3,3,3,3,3,3,3,2,3,6,2,8,8,4,8,8,2,1,2,2,2,2,2,4,1,1,0,0,0,1,0,1,1,0,1,1,1,1,7,0
NDKW36,ZPHS MANDVI (PALSHI),1,8,14,1,3,3,3,3,3,3,1,3,2,1,1,3,1,3,,3,6,6,4,4,6,8,8,1,3,2,1,3,1,2,4,1,1,1,0,0,1,1,0,1,1,1,0,0,1,2,1
NDKW37,ZPHS MANDVI (PALSHI),1,8,13,1,3,2,3,3,3,2,3,2,2,1,1,2,2,1,6,2,8,2,8,1,8,8,6,1,1,2,2,1,1,2,4,1,1,1,0,0,1,1,1,1,1,1,0,0,1,3,1
NDKW38,ZPHS MANDVI (PALSHI),1,9,14,1,3,2,1,3,3,2,1,3,2,1,3,1,3,3,2,1,2,2,7,4,2,8,4,3,3,0,0,3,3,0,4,1,1,1,0,1,1,1,0,1,1,1,1,0,1,2,1
NDKW39,ZPHS MANDVI (PALSHI),2,8,14,1,3,2,3,3,3,2,1,3,2,3,3,1,3,3,7,2,6,6,1,4,6,1,1,2,3,2,2,1,2,1,4,1,1,1,0,1,1,1,0,1,1,1,0,0,1,3,1
NDKW40,ZPHS MANDVI (PALSHI),2,9,15,1,3,0,3,3,3,3,3,3,3,3,3,3,3,3,2,3,6,6,1,4,4,8,8,0,1,1,1,1,1,2,0,1,1,1,0,1,1,0,0,1,1,1,0,0,1,3,1
NDKW41,ZPHS PARDI-BODHADI,1,6,13,1,3,1,3,3,3,3,3,3,3,3,3,3,3,3,6,3,4,4,1,8,6,1,1,2,1,2,2,3,3,2,4,1,1,1,0,1,1,1,0,1,1,1,0,0,1,3,1
NDKW42,ZPHS PARDI-BODHADI,1,6,13,1,3,1,3,3,3,3,3,3,3,3,3,3,3,3,6,3,4,2,1,1,2,1,1,2,1,2,2,1,1,2,4,1,1,1,0,1,1,1,0,1,1,1,0,0,1,1,1
NDKW43,ZPHS PARDI-BODHADI,1,6,13,1,3,1,3,1,3,3,3,3,3,3,3,3,3,3,4,3,4,4,1,8,6,8,1,3,3,0,0,3,3,0,4,1,1,1,0,0,1,1,0,1,1,1,0,0,1,3,1
NDKW45,ZPHS PARDI-BODHADI,1,7,14,1,3,0,3,1,3,3,1,3,3,3,3,3,3,3,4,3,6,6,1,1,2,1,1,3,3,0,0,3,3,0,4,1,1,1,0,0,1,1,0,1,1,1,0,0,1,2,1
NDKW46,ZPHS PARDI-BODHADI,2,10,15,1,3,0,3,1,3,3,3,3,3,3,3,3,3,3,4,3,6,6,1,1,2,1,1,3,3,0,0,3,3,0,4,1,1,1,0,0,1,1,0,1,1,1,0,0,1,1,1
NDKW47,ZPHS PARDI-BODHADI,2,10,15,1,3,0,3,3,3,3,1,3,3,3,3,3,3,3,2,3,6,2,1,1,2,1,1,3,3,0,0,3,3,0,4,1,1,1,0,0,1,1,0,1,1,1,0,0,1,2,1
NDKW48,ZPHS PARDI-BODHADI,1,8,14,1,3,0,3,1,3,3,1,3,3,3,3,3,3,3,2,3,2,2,1,1,2,8,1,3,3,0,0,3,3,0,4,1,1,1,0,0,1,1,0,1,1,1,0,0,1,3,1
NDNG1,GUNWANT VIDYALAYA MUGAON,2,8,14,1,3,0,3,3,3,0,0,3,0,0,0,0,0,0,4,2,2,2,1,1,2,1,1,2,0,0,0,0,0,0,4,1,0,0,0,0,0,1,0,0,0,0,0,0,1,1,1
NDNG2,GUNWANT VIDYALAYA MUGAON,2,7,12,1,3,0,3,3,3,0,0,3,2,0,0,0,0,0,4,2,2,2,1,1,2,1,1,2,0,0,0,0,0,0,4,1,0,0,0,0,0,1,0,0,0,0,0,0,1,1,1
NDNG3,GUNWANT VIDYALAYA MUGAON,1,7,13,1,3,2,1,1,1,3,1,3,3,3,3,3,3,3,1,4,2,2,1,1,2,1,1,0,1,0,0,2,1,2,4,1,1,1,0,1,1,0,1,1,1,1,1,1,1,0,0
NDNG4,GUNWANT VIDYALAYA MUGAON,1,8,14,0,0,0,1,0,0,0,0,3,2,1,3,3,3,1,2,4,2,2,1,1,2,1,1,1,1,2,2,1,1,2,4,1,1,1,1,1,1,1,1,1,1,1,1,1,1,1,1
NDNG5,GUNWANT VIDYALAYA MUGAON,1,9,14,1,3,2,3,1,3,3,1,3,2,3,3,3,3,1,6,3,7,2,8,1,7,8,4,0,1,1,2,1,2,2,4,1,1,1,0,0,1,1,0,0,1,0,0,0,1,3,1
NDNG6,GUNWANT VIDYALAYA MUGAON,1,10,15,1,3,3,3,1,1,3,3,3,3,3,3,1,3,3,2,1,2,2,5,8,2,1,1,3,1,2,2,3,1,2,4,1,1,1,0,0,1,1,1,1,1,1,1,1,1,2,1
NDNG7,GUNWANT VIDYALAYA MUGAON,2,9,14,0,3,0,2,1,0,1,0,0,1,0,0,0,0,0,0,0,2,2,1,1,2,0,0,0,1,0,0,0,0,0,0,1,1,1,0,0,0,1,0,0,0,0,0,0,1,1,1
NDNG9,Z.P.H.S. GHUNGRALA,1,8,13,1,3,1,3,2,3,2,2,3,2,1,3,1,3,1,2,3,2,2,5,8,2,8,8,3,1,2,3,1,1,2,4,1,0,1,0,0,1,1,0,1,1,1,0,0,1,3,1
NDNG10,Z.P.H.S. GHUNGRALA,1,10,16,1,3,3,3,3,3,3,3,3,3,3,3,3,3,3,2,3,2,2,4,4,6,1,4,3,3,3,2,1,1,2,4,1,0,1,1,0,1,1,1,1,1,1,0,0,1,3,1
NDNG11,Z.P.H.S. GHUNGRALA,2,8,13,1,2,2,1,1,1,3,1,3,3,3,3,1,3,3,4,3,2,8,1,1,2,8,1,1,3,2,3,3,3,2,4,1,1,1,1,1,1,1,0,1,1,1,0,0,1,1,1
NDNG12,Z.P.H.S. GHUNGRALA,2,8,14,1,3,3,1,3,3,3,1,3,2,3,3,1,3,1,2,3,2,2,8,1,2,8,1,1,1,2,1,1,1,2,4,1,0,1,0,1,1,1,0,1,1,1,0,0,1,1,1
NDNG13,Z.P.H.S. GHUNGRALA,2,8,13,1,3,1,3,3,1,2,1,3,2,1,1,1,3,1,2,3,2,2,5,7,6,8,8,1,1,2,1,3,3,2,0,0,0,0,0,0,0,0,0,0,0,0,0,0,0,0,1
NDNG14,Z.P.H.S. GHUNGRALA,1,8,14,1,3,1,3,2,1,2,1,3,2,1,2,1,3,1,4,3,2,2,5,8,6,8,8,3,1,2,3,2,1,2,4,1,1,1,0,0,1,1,1,1,1,1,0,0,1,1,0
NDNG15,Z.P.H.S. GHUNGRALA,1,8,13,1,3,3,3,3,3,3,3,3,3,3,3,3,3,3,6,3,2,2,7,4,2,8,4,3,3,3,3,3,3,2,4,1,1,1,1,1,1,1,0,1,1,1,0,0,1,7,1
NDNG16,Z.P.H.S. GHUNGRALA,2,8,14,1,3,3,3,1,3,2,1,3,2,3,3,1,3,3,1,3,2,8,5,1,6,8,1,3,1,2,2,3,3,2,4,1,1,1,0,1,1,1,1,1,1,1,0,0,1,1,1
NDNG17,Z.P.P.S. ANTARGAON,2,7,13,0,3,3,3,3,3,3,3,3,3,3,3,3,3,3,0,0,4,4,8,4,4,8,8,0,3,2,3,0,3,0,0,1,1,1,0,1,1,1,1,1,1,1,1,1,1,0,0
NDNG18,Z.P.P.S. ANTARGAON,2,8,13,0,3,3,3,3,3,3,3,3,2,3,3,3,3,3,0,0,2,2,1,8,2,8,4,0,0,0,0,0,0,0,0,0,0,0,0,0,0,0,0,0,0,0,0,0,0,0,0
NDMK1,SWAMI ADIVASI ASHRAM PRIMARY SCHOOL DONGARGAON,1,9,15,0,3,1,3,3,3,3,3,1,2,1,1,1,3,3,2,3,2,2,5,4,2,8,5,1,1,1,2,1,1,2,4,1,1,1,0,0,1,1,0,1,1,1,1,1,1,1,1
NDMK2,SWAMI ADIVASI ASHRAM PRIMARY SCHOOL DONGARGAON,1,8,14,1,3,3,3,3,3,3,3,3,2,3,3,3,3,1,2,3,2,0,0,0,0,0,0,2,3,3,2,0,0,0,4,1,0,1,0,1,0,0,1,0,0,0,1,1,1,1,1
NDMK3,SWAMI ADIVASI ASHRAM PRIMARY SCHOOL DONGARGAON,2,8,13,1,3,2,1,1,3,3,0,3,3,3,3,3,3,3,4,0,2,2,1,8,2,0,5,2,2,3,3,0,3,2,0,0,0,0,0,0,0,1,1,1,1,1,1,0,1,1,1
NDMK4,SWAMI ADIVASI ASHRAM PRIMARY SCHOOL DONGARGAON,2,8,13,1,3,2,3,1,3,3,1,3,3,3,3,3,3,3,4,3,2,2,1,1,3,2,1,1,0,0,0,0,2,0,4,1,0,0,0,1,0,1,0,1,0,1,0,0,1,1,1
NDMK6,SWAMI ADIVASI ASHRAM PRIMARY SCHOOL DONGARGAON,1,10,16,1,3,0,2,2,3,2,2,3,2,3,3,1,3,3,6,3,6,2,5,8,7,4,5,1,1,2,2,1,3,2,4,1,0,1,0,0,0,1,1,1,1,1,0,0,1,1,1
NDMK7,SWAMI ADIVASI ASHRAM PRIMARY SCHOOL DONGARGAON,1,10,16,0,3,1,3,0,3,1,2,1,0,1,0,0,1,1,2,3,2,8,1,8,2,8,1,1,1,0,0,1,1,1,4,1,1,1,0,0,1,1,0,1,0,1,0,0,1,7,1
NDMK8,SWAMI ADIVASI ASHRAM PRIMARY SCHOOL DONGARGAON,2,10,15,1,3,0,1,1,3,0,0,3,3,3,3,1,3,1,6,3,2,2,0,1,0,0,1,0,2,2,0,0,0,2,0,1,1,0,0,0,0,0,0,0,0,0,0,0,1,1,1
NDMK9,Z.P.H.S. ROHIPIMPALGAON,2,10,15,1,3,3,3,3,3,3,3,3,3,3,3,3,3,1,4,3,6,6,7,4,4,8,1,1,1,0,3,3,2,2,4,1,1,0,0,1,0,1,1,0,0,1,0,0,1,1,1
NDMK10,Z.P.H.S. ROHIPIMPALGAON,2,10,15,1,3,3,3,3,3,3,3,3,3,3,3,3,3,1,4,3,6,6,7,4,4,4,8,1,1,2,3,3,2,2,4,1,1,1,0,1,0,1,0,0,0,1,0,0,1,1,1
NDMK11,Z.P.H.S. ROHIPIMPALGAON,2,10,15,1,3,3,3,3,3,3,2,3,3,3,3,3,3,3,1,3,7,7,4,4,4,8,1,3,3,0,3,3,3,0,4,1,1,1,0,0,0,1,1,1,1,1,0,1,1,1,1
NDMK12,Z.P.H.S. ROHIPIMPALGAON,1,9,15,1,3,3,3,3,3,3,3,3,3,3,3,1,3,3,4,3,2,2,5,4,4,8,7,3,3,0,0,3,3,2,4,1,1,1,0,1,1,1,1,1,1,1,0,0,1,1,1
NDMK13,Z.P.H.S. ROHIPIMPALGAON,1,9,15,1,3,2,3,3,3,3,3,3,1,3,3,3,3,3,4,4,4,6,7,4,4,4,7,3,3,0,0,3,1,3,4,1,0,1,0,1,1,1,1,1,0,1,0,0,1,1,1
NDMK14,Z.P.H.S. ROHIPIMPALGAON,2,9,14,1,3,3,3,3,3,3,3,3,2,3,3,3,3,3,4,3,6,6,1,8,6,8,1,3,3,0,3,3,3,0,4,1,1,1,0,1,1,1,0,1,0,1,0,0,1,1,1
NDMK15,Z.P.H.S. ROHIPIMPALGAON,1,10,16,1,3,2,3,3,3,3,3,3,2,3,3,3,3,3,6,3,4,7,7,7,4,7,4,3,3,0,0,0,3,0,4,1,1,1,0,1,1,1,1,1,1,1,0,0,1,1,1
NDMK16,Z.P.H.S. ROHIPIMPALGAON,2,9,15,1,3,3,3,3,3,3,3,3,2,1,3,3,3,3,4,3,6,4,4,4,4,1,4,3,3,0,3,3,3,0,4,1,1,1,0,1,1,1,0,1,0,1,0,0,1,1,1
NDMK17,ZILLA PARISHAD CENTRAL PRIMARY SCHOOL (GIRLS) BARAD,2,7,12,1,3,2,3,3,3,1,0,3,2,3,0,1,3,1,4,3,2,2,1,1,2,1,1,3,1,1,1,3,3,2,4,1,1,1,0,0,0,1,0,0,1,1,0,0,1,7,1
NDMK18,ZILLA PARISHAD CENTRAL PRIMARY SCHOOL (GIRLS) BARAD,2,8,13,1,3,3,3,3,3,3,3,3,2,3,3,3,3,3,2,3,6,6,8,8,7,8,8,3,3,2,3,2,1,2,4,1,1,1,0,0,0,1,1,1,0,1,0,0,1,1,1
NDMK19,ZILLA PARISHAD CENTRAL PRIMARY SCHOOL (GIRLS) BARAD,2,6,12,1,3,2,3,3,3,3,0,3,2,1,1,3,3,1,2,3,2,2,1,1,3,2,1,0,1,0,0,0,0,2,1,1,1,1,0,1,1,1,0,1,1,1,0,0,1,6,1
NDMK20,ZILLA PARISHAD CENTRAL PRIMARY SCHOOL (GIRLS) BARAD,2,7,12,1,3,2,3,3,3,1,3,3,2,3,3,3,3,3,4,4,6,6,8,8,6,8,1,2,1,2,1,2,1,2,1,1,1,1,0,1,1,1,0,1,1,1,0,0,1,2,1
NDMK21,ZILLA PARISHAD CENTRAL PRIMARY SCHOOL (GIRLS) BARAD,2,7,13,1,3,2,3,3,3,3,3,3,2,3,3,3,3,3,2,3,6,6,1,7,6,8,8,1,1,2,2,1,2,2,4,1,1,1,0,0,1,1,0,1,1,1,0,0,1,6,1
NDMK22,ZILLA PARISHAD CENTRAL PRIMARY SCHOOL (GIRLS) BARAD,2,8,13,1,3,2,3,1,3,2,3,3,2,3,3,3,3,3,1,3,6,6,4,8,6,8,8,2,1,2,2,3,3,2,4,1,1,1,0,0,0,1,0,0,1,1,1,0,1,6,1
NDMK23,ZILLA PARISHAD CENTRAL PRIMARY SCHOOL (GIRLS) BARAD,2,8,13,1,3,2,3,1,3,1,2,3,2,1,3,1,3,1,2,3,6,6,1,1,6,1,1,0,1,2,2,1,2,2,4,1,1,1,0,1,1,1,0,0,1,1,0,0,1,6,1
NDMK24,ZILLA PARISHAD CENTRAL PRIMARY SCHOOL (GIRLS) BARAD,2,7,13,1,3,2,3,3,3,2,1,3,2,3,3,3,3,3,4,3,2,2,1,1,6,1,1,3,1,2,2,3,3,2,4,1,1,1,0,0,0,1,1,1,1,1,0,0,1,1,1
NDMH1,SC MULINCHI SHASKIY NIVASI SHALA MAHOOR,2,8,13,1,3,3,3,3,3,3,3,3,2,1,3,3,3,3,1,3,6,6,1,8,6,8,1,3,3,2,2,1,1,2,4,1,1,1,0,0,1,1,0,1,1,1,0,0,1,6,1
NDMH2,SC MULINCHI SHASKIY NIVASI SHALA MAHOOR,2,8,12,1,3,3,3,3,3,3,3,3,3,3,3,3,3,3,1,3,6,6,1,8,4,8,1,3,1,2,2,3,1,2,4,1,1,1,0,0,0,1,1,1,1,1,0,0,1,5,1
NDMH3,SC MULINCHI SHASKIY NIVASI SHALA MAHOOR,2,7,12,1,3,3,3,3,3,3,3,3,3,1,3,3,3,3,1,3,6,6,1,8,4,8,1,3,1,2,2,3,1,2,4,1,1,1,0,0,0,1,1,1,1,1,0,0,1,3,1
NDMH4,SC MULINCHI SHASKIY NIVASI SHALA MAHOOR,2,8,13,1,3,2,3,3,3,3,3,3,2,1,3,3,3,3,,1,6,6,1,8,6,8,1,0,1,1,1,1,2,2,4,1,0,0,0,0,0,0,0,0,0,1,0,0,1,3,1
NDMH5,SC MULINCHI SHASKIY NIVASI SHALA MAHOOR,1,7,13,1,3,1,3,1,3,3,1,3,2,1,3,1,3,3,4,1,2,6,5,5,4,8,8,3,3,3,2,1,3,2,4,1,1,1,0,0,1,1,1,1,1,1,0,0,1,5,1
NDMH6,SC MULINCHI SHASKIY NIVASI SHALA MAHOOR,2,7,12,1,3,3,3,3,3,3,1,3,2,1,1,3,3,3,4,4,6,2,1,1,6,8,1,3,1,3,1,3,3,2,4,1,1,1,0,0,1,1,1,1,1,1,0,0,1,6,1
NDMH7,SC MULINCHI SHASKIY NIVASI SHALA MAHOOR,2,7,10,1,3,3,3,3,3,3,3,3,3,1,1,3,3,3,4,4,6,6,1,1,6,1,1,3,1,3,3,3,3,3,4,1,1,1,0,1,1,1,1,1,1,1,1,0,1,6,1
NDMH8,SC MULINCHI SHASKIY NIVASI SHALA MAHOOR,1,6,13,1,3,1,3,1,3,3,1,3,2,1,3,3,3,3,4,1,2,2,4,7,4,8,8,3,3,3,2,1,3,2,4,1,1,1,0,0,1,1,1,1,1,1,0,0,1,5,1
NDLH1,BALIRAM PATIL MADHYAMIK VIDYALAYA PENUR,2,10,15,1,3,2,3,3,3,3,3,3,1,1,3,3,3,3,6,4,6,6,4,8,6,8,8,3,3,0,0,3,3,0,4,0,1,0,0,0,0,1,0,1,1,1,0,0,1,1,1
NDLH2,BALIRAM PATIL MADHYAMIK VIDYALAYA PENUR,2,10,16,1,3,3,3,3,3,3,3,3,3,3,3,3,3,3,6,3,7,7,4,4,4,4,4,3,1,0,0,3,3,0,4,1,1,1,0,1,1,1,0,1,1,1,0,0,1,,
NDLH3,BALIRAM PATIL MADHYAMIK VIDYALAYA PENUR,1,10,16,1,3,3,3,3,3,3,3,3,3,3,3,3,3,3,4,3,2,2,5,4,4,8,4,3,0,0,0,0,0,2,4,1,0,1,0,0,1,1,1,1,1,1,0,0,1,1,1
NDLH7,Z.P.H.S. ASHTUR,2,8,14,1,3,3,3,3,3,3,3,3,3,3,3,3,3,3,4,4,4,4,4,4,4,8,8,3,3,0,0,3,3,0,4,1,1,1,0,0,1,1,0,1,1,1,0,0,1,1,1
NDLH8,Z.P.H.S. ASHTUR,1,10,15,1,3,3,3,3,3,3,3,3,3,3,3,3,3,3,4,4,4,4,4,4,4,4,4,3,3,0,0,3,3,0,4,1,1,1,0,1,1,1,1,1,1,1,0,0,1,1,1
NDLH9,Z.P.H.S. ASHTUR,2,10,14,1,3,2,3,3,3,3,3,3,3,1,3,3,3,3,4,3,0,0,0,0,0,0,0,0,0,0,0,0,0,0,0,0,0,0,0,0,0,0,0,0,0,0,0,0,0,0,0
NDLH10,Z.P.H.S. ASHTUR,2,9,15,1,3,3,3,3,3,3,3,3,3,3,3,3,3,3,4,4,4,4,4,4,4,4,4,3,3,3,3,3,3,2,4,1,1,1,0,1,1,1,0,1,1,1,1,1,1,1,1
NDLH11,Z.P.H.S. ASHTUR,2,10,16,1,3,3,3,3,3,3,3,3,3,3,3,3,3,3,4,4,7,4,4,4,4,4,4,3,3,0,3,3,3,0,4,1,1,1,0,1,1,1,0,1,1,1,0,0,1,1,1
NDLH12,Z.P.H.S. ASHTUR,2,10,15,1,3,3,3,3,3,3,3,3,3,3,3,3,3,3,4,4,4,4,4,4,4,4,4,3,3,1,3,3,3,3,4,1,1,1,0,1,1,1,0,1,1,1,0,1,1,1,1
NDLH13,Z.P.H.S. ASHTUR,2,7,13,1,3,3,3,3,3,3,3,3,3,3,3,3,3,3,4,4,4,4,4,4,4,8,8,3,3,0,0,3,3,0,4,1,1,1,0,0,1,1,0,1,1,1,0,0,1,1,1
NDLH14,ZPHS PENOOR,2,7,12,1,3,3,3,3,3,3,3,3,3,3,3,3,3,3,4,3,4,4,4,4,4,4,4,3,3,0,0,3,3,0,4,1,1,1,0,1,1,1,0,1,1,1,1,1,1,1,1
NDLH15,ZPHS PENOOR,2,7,12,1,3,3,3,3,3,3,3,3,3,3,3,3,3,3,4,3,4,4,4,4,4,7,4,3,3,0,0,3,3,0,4,1,1,1,0,1,1,1,0,1,1,1,0,0,1,1,1
NDLH16,ZPHS PENOOR,2,7,12,1,3,3,3,3,3,3,3,3,3,3,3,3,3,3,4,4,4,4,4,4,4,4,4,3,3,0,0,3,3,0,4,1,1,1,0,1,1,1,0,1,1,1,0,0,1,1,1
NDLH17,ZPHS PENOOR,2,7,13,1,3,3,3,3,3,3,3,3,3,3,3,3,3,3,4,3,4,4,4,4,4,4,8,3,3,0,0,3,3,3,4,1,1,1,0,1,1,1,0,0,1,1,0,0,1,1,1
NDLH18,ZPHS PENOOR,2,7,12,1,3,3,3,3,3,3,3,3,3,3,3,3,3,3,4,3,4,4,4,4,4,4,4,3,3,0,0,3,3,0,4,1,1,1,0,1,1,1,0,1,1,1,0,0,1,1,1
NDLH19,ZPHS PENOOR,2,7,12,1,3,3,3,3,3,3,3,3,3,3,3,3,3,3,4,1,4,4,4,4,4,4,4,3,3,0,0,3,3,3,4,1,1,1,0,1,1,1,0,0,1,1,0,0,1,1,1
NDLH20,ZPHS PENOOR,2,7,12,1,3,3,3,3,3,3,3,3,3,3,3,3,3,3,4,3,4,4,4,4,4,7,4,3,3,0,0,3,3,0,4,1,1,1,0,1,1,1,0,1,1,1,0,0,1,1,1
NDLH21,Z.P.H.S. KALAMBER BK.,2,10,15,1,3,3,3,3,3,3,3,3,3,3,3,3,3,3,4,3,6,6,4,4,4,8,4,3,3,3,2,3,3,3,4,1,1,1,0,1,1,1,0,1,1,1,0,0,1,1,1
NDLH22,Z.P.H.S. KALAMBER BK.,2,10,16,1,3,3,3,3,3,3,3,3,3,3,3,3,3,3,4,3,2,6,4,4,4,8,4,3,3,3,2,3,3,3,4,1,1,1,0,1,1,1,0,1,0,1,0,0,1,1,1
NDLH23,Z.P.H.S. KALAMBER BK.,2,10,15,1,3,3,3,3,3,3,3,3,3,3,3,3,3,3,4,3,6,2,4,4,4,8,4,3,3,3,2,3,3,3,4,1,1,1,0,1,1,1,0,1,0,1,0,0,1,1,1
NDLH24,Z.P.H.S. KALAMBER BK.,2,9,14,1,3,3,3,3,3,3,3,3,3,3,3,3,3,3,4,3,6,6,4,4,4,8,4,3,3,3,2,3,3,3,4,1,0,0,0,0,0,1,0,1,1,1,0,0,1,1,1
NDLH25,Z.P.H.S. KALAMBER BK.,2,10,15,1,3,3,3,3,3,3,3,3,3,3,3,3,3,3,4,3,6,6,4,4,4,4,4,3,3,3,2,3,3,3,4,1,0,0,0,0,0,1,0,1,1,1,0,0,1,1,1
NDLH26,Z.P.H.S. KALAMBER BK.,2,9,14,1,3,3,3,3,3,3,3,3,3,3,3,3,3,3,4,3,6,6,4,4,4,8,4,3,3,3,2,3,3,3,4,1,1,1,0,0,1,1,0,1,1,1,0,0,1,1,1
NDLH27,Z.P.H.S. KALAMBER BK.,2,10,16,1,3,3,3,3,3,3,3,3,3,3,3,3,3,3,4,3,6,6,4,4,4,8,4,3,3,3,2,3,3,3,4,1,1,1,0,0,1,1,0,1,1,1,0,1,1,1,1
NDLH28,Z.P.H.S. KALAMBER BK.,2,9,14,1,3,3,3,3,3,3,3,3,3,3,3,3,3,3,4,3,6,6,4,4,4,8,4,3,3,3,2,3,3,3,4,1,1,1,0,0,1,1,0,1,1,1,0,0,1,1,1
NDLH29a,ZPHS PENOOR,2,7,13,1,3,3,3,3,3,3,3,3,3,3,3,3,3,3,4,1,4,4,4,4,1,0,0,3,3,0,0,3,3,3,4,1,1,1,0,1,1,1,0,0,1,1,0,0,1,1,1
NDLH30,DATTATRAYA VID DONGARGAON,2,10,16,1,3,1,3,1,1,2,1,3,2,3,3,1,3,1,,3,6,0,6,1,1,8,8,3,3,2,1,3,1,2,4,1,1,1,0,0,1,1,0,1,1,1,0,0,1,5,1
NDLH31,DATTATRAYA VID DONGARGAON,1,9,14,1,3,1,3,1,1,2,1,3,2,3,3,1,3,1,,3,2,2,1,5,2,1,1,3,3,2,1,3,1,2,4,1,1,1,0,0,1,1,0,1,1,1,0,0,1,5,1
NDLH32,DATTATRAYA VID DONGARGAON,1,8,13,1,3,1,3,1,1,2,1,3,2,3,3,1,3,1,,3,2,2,5,0,6,8,1,3,3,2,1,3,1,2,4,1,1,1,0,0,1,1,0,1,1,1,0,0,1,5,1
NDLH33,DATTATRAYA VID DONGARGAON,2,10,15,1,3,3,3,3,3,3,3,3,2,3,0,1,3,1,2,3,2,2,8,8,2,2,8,1,2,2,2,2,1,2,4,1,1,0,0,1,1,1,1,1,1,1,1,0,1,1,0
NDLH35,Z.P.H.S. LOHA,2,9,14,1,3,2,3,3,3,3,3,3,3,3,3,3,3,1,7,3,6,6,1,4,6,8,8,3,3,0,0,3,3,0,4,1,1,1,0,1,1,1,1,1,1,1,0,0,1,1,1
NDLH36,Z.P.H.S. LOHA,2,9,14,1,3,3,3,3,3,3,3,3,3,1,3,3,3,3,6,3,4,6,1,4,4,1,4,3,3,0,0,3,3,0,4,1,1,1,0,1,1,1,1,0,1,1,1,1,1,1,1
NDLH37,Z.P.H.S. LOHA,2,10,17,1,3,3,3,3,3,3,3,3,3,0,1,3,3,3,7,3,6,6,1,4,4,1,7,3,3,0,0,3,3,0,4,1,1,1,0,1,1,1,1,0,1,1,1,0,0,1,1
NDLH38,Z.P.H.S. LOHA,2,10,17,1,3,3,3,3,3,3,3,3,3,3,3,3,3,3,2,3,6,6,7,4,4,8,7,3,3,0,0,3,3,0,4,1,1,1,0,1,1,1,1,1,1,1,1,0,1,1,1
NDLH39,Z.P.H.S. LOHA,2,6,12,1,3,0,1,3,3,3,0,3,3,3,3,3,3,3,2,3,7,8,6,4,7,2,8,3,3,0,0,3,3,0,4,1,1,1,0,1,1,1,1,1,1,1,0,1,1,5,1
NDLH40,Z.P.H.S. LOHA,2,6,13,1,3,0,3,3,3,3,0,3,3,3,3,3,3,3,6,3,7,8,6,4,7,2,8,3,3,0,0,3,3,0,4,1,1,1,0,1,1,1,1,1,1,1,1,1,1,5,1
NDLH41,Z.P.H.S. LOHA,2,9,14,1,3,0,3,3,3,3,0,3,3,3,3,3,3,3,2,2,7,6,1,8,6,2,8,3,3,0,0,3,3,0,4,1,1,1,0,1,1,1,1,1,1,1,0,1,1,1,1
NDLH42,Z.P.H.S. LOHA,2,7,13,1,3,1,3,1,1,2,1,3,2,3,3,1,3,1,6,3,6,2,1,1,2,1,1,3,3,2,1,3,1,2,4,1,1,1,0,0,1,1,0,1,1,1,0,0,1,5,1
NDLH43,Z.P.H.S. LOHA,2,8,14,1,3,1,3,1,1,2,1,3,2,3,3,1,3,1,,3,6,6,1,1,2,7,1,3,3,2,1,3,1,2,4,1,1,1,0,0,1,1,0,1,1,1,0,0,1,5,1
NDLH44,Z.P.H.S. LOHA,2,7,12,1,3,1,3,1,1,2,1,3,2,3,3,1,3,1,6,3,2,2,1,1,2,1,1,3,3,2,1,3,1,2,4,1,1,1,0,0,1,1,0,1,1,1,0,0,1,5,1
NDLH45,Z.P.H.S. LOHA,2,9,14,1,3,1,3,1,1,2,1,3,2,3,3,1,3,1,6,3,6,6,1,1,6,1,1,3,3,2,1,3,1,2,4,1,1,1,0,0,1,1,0,1,1,1,0,0,1,5,1
NDLH46,Z.P.H.S. LOHA,2,8,13,1,3,1,3,1,1,2,1,3,2,3,3,1,3,1,6,3,2,2,1,1,2,1,1,3,3,2,1,3,1,2,4,1,1,1,0,1,1,1,0,1,1,1,0,0,1,5,1
NDLH47,Z.P.H.S. WADEPURI,2,9,15,1,3,2,3,3,3,3,3,3,3,3,3,3,3,3,2,3,6,6,4,4,6,4,4,2,1,0,2,0,1,0,4,1,1,1,0,1,1,1,0,0,1,1,0,0,1,1,1
NDLH48,Z.P.H.S. WADEPURI,2,9,15,1,3,2,3,3,3,3,3,3,3,3,3,3,3,3,2,3,6,6,4,4,6,8,1,2,1,0,0,3,3,0,4,1,1,1,0,1,1,1,0,0,1,1,0,0,1,1,1
NDLH49,Z.P.H.S. WADEPURI,2,9,15,1,3,2,3,3,3,3,1,3,2,3,3,3,3,3,2,3,2,2,1,8,2,1,1,2,1,1,1,1,1,2,4,1,1,1,0,1,1,1,1,1,1,1,1,1,2,1,1
NDLH50,Z.P.H.S. WADEPURI,2,8,14,1,3,2,3,3,3,3,3,3,3,3,3,3,3,3,2,3,6,6,1,7,6,8,8,3,3,0,0,3,3,0,4,1,1,1,0,1,1,1,0,0,1,1,0,0,1,1,1
NDLH51,Z.P.H.S. WADEPURI,2,9,14,1,3,2,3,3,3,3,3,3,3,3,3,3,3,3,2,3,6,2,1,8,4,8,1,3,3,0,0,3,3,0,4,1,1,1,0,1,1,1,0,0,1,1,0,0,1,1,1
NDLH52,Z.P.H.S. WADEPURI,2,8,14,1,3,2,3,3,3,3,3,3,3,3,3,3,3,3,2,3,6,6,1,1,6,8,1,1,1,2,2,1,3,2,4,1,1,1,0,1,1,1,1,1,1,1,1,1,1,1,1
NDLH53,Z.P.H.S. WADEPURI,2,8,13,1,3,2,3,3,3,3,3,3,3,3,3,3,3,3,2,3,6,6,7,1,6,1,1,1,3,3,2,3,3,2,4,1,1,1,0,1,1,1,0,1,1,1,1,1,1,1,1
NDDM1,ZILLA PARISHAD HIGH SCHOOL ( AIDED) JARIKOT,2,9,14,1,3,1,3,1,1,2,1,3,2,3,3,1,3,1,,3,2,6,1,1,6,1,1,3,3,2,1,3,1,2,4,1,1,1,0,0,1,1,0,1,1,1,0,0,1,5,1
NDDM3,ZILLA PARISHAD HIGH SCHOOL ( AIDED) JARIKOT,1,7,13,0,3,1,3,1,1,2,1,3,2,3,3,1,3,1,,3,6,6,1,1,6,8,1,3,3,2,1,3,1,2,4,1,1,1,0,0,1,1,0,1,1,1,0,0,1,5,1
NDDM6,ZILLA PARISHAD HIGH SCHOOL KARKHELI,1,6,11,0,3,1,3,1,1,2,1,3,2,3,3,1,3,1,,3,2,2,1,1,2,1,1,3,3,2,1,3,1,2,4,1,1,1,0,0,1,1,0,1,1,1,0,0,1,5,1
NDDM7,ZILLA PARISHAD HIGH SCHOOL KARKHELI,2,10,15,0,3,1,3,1,1,2,1,3,2,3,3,1,3,1,,3,2,2,1,8,2,1,1,3,3,2,1,3,1,2,4,1,1,1,0,0,1,1,0,1,1,1,0,0,1,5,1
NDDM8,ZILLA PARISHAD HIGH SCHOOL KARKHELI,1,9,14,0,3,1,3,1,1,2,1,3,2,3,3,1,3,1,,3,2,2,1,1,6,1,1,3,3,2,1,3,1,2,4,1,1,1,0,1,0,1,0,1,1,1,0,0,1,5,1
NDDM9,ZILLA PARISHAD HIGH SCHOOL KARKHELI,2,8,13,0,3,1,3,1,1,2,1,3,2,3,3,1,3,1,,3,2,2,1,8,6,1,1,3,3,2,1,3,1,2,4,1,1,1,0,0,1,1,0,1,1,1,0,0,1,5,1
NDDM10,ZILLA PARISHAD HIGH SCHOOL KARKHELI,2,8,13,0,3,1,3,1,1,2,1,3,2,3,3,1,3,1,,3,2,6,1,1,6,8,1,3,3,2,1,0,1,2,4,1,1,1,0,0,1,1,0,1,1,1,0,0,1,5,1
NDDM12,ZILLA PARISHAD HIGH SCHOOL DHARMABAD,2,8,14,0,3,1,3,1,1,2,1,3,2,3,3,1,3,1,,3,6,6,1,1,6,5,1,3,3,2,1,3,1,2,4,1,1,1,0,0,1,1,0,1,1,1,0,0,1,5,1
NDDM13,ZILLA PARISHAD HIGH SCHOOL DHARMABAD,1,9,14,1,3,1,3,1,1,2,1,3,2,3,3,1,3,1,6,3,6,2,1,1,2,1,1,3,3,2,1,3,1,2,4,1,1,1,0,0,1,1,0,1,1,1,0,0,0,0,1
NDDM14,ZILLA PARISHAD HIGH SCHOOL DHARMABAD,1,10,15,0,3,1,3,1,1,2,1,3,2,3,3,1,3,1,6,3,2,2,1,1,2,8,8,3,3,2,1,3,1,2,4,1,1,1,0,0,1,1,0,1,1,1,0,0,1,5,1
NDDM15,ZILLA PARISHAD HIGH SCHOOL DHARMABAD,1,9,13,1,3,1,3,1,1,2,1,3,2,3,3,1,3,1,6,3,2,2,1,1,2,1,1,3,3,2,1,3,1,2,4,1,1,1,0,0,1,1,0,1,1,1,0,0,1,1,1
NDDM16,ZILLA PARISHAD HIGH SCHOOL YETALA,2,7,12,0,3,1,3,1,1,2,1,3,2,3,3,1,3,1,7,3,2,2,1,1,2,1,1,3,3,2,1,3,1,2,4,1,1,1,0,0,1,1,0,1,1,1,0,0,1,5,1
NDDM17,ZILLA PARISHAD HIGH SCHOOL YETALA,2,7,12,1,3,1,3,1,1,2,1,3,2,3,3,1,3,1,,3,6,6,1,1,6,5,1,3,3,1,1,3,1,2,4,1,1,1,0,0,1,1,0,1,1,1,0,0,1,5,1
NDDM18,ZILLA PARISHAD HIGH SCHOOL YETALA,2,6,11,0,3,1,3,1,1,2,1,3,2,3,3,1,3,1,,3,6,6,1,1,6,8,1,3,3,2,1,3,1,2,4,1,1,1,0,0,1,1,0,1,1,1,0,0,1,5,1
NDDM19,ZILLA PARISHAD HIGH SCHOOL YETALA,1,9,14,1,3,1,3,1,1,2,1,3,2,3,3,1,3,1,6,3,2,2,5,1,2,1,1,3,3,2,1,3,1,2,4,1,1,1,0,0,1,1,0,1,1,1,0,0,1,5,1
NDDM20,ZILLA PARISHAD HIGH SCHOOL YETALA,1,7,13,0,3,1,3,1,1,2,1,3,2,3,3,1,3,1,,3,2,2,1,1,2,1,1,3,3,2,1,3,1,2,4,1,1,1,0,0,1,1,0,1,1,1,0,0,1,5,1
NDDM21,KASTURBA GANDHI BALIKA VIDYALAY DHARMABAD,1,9,14,0,3,1,3,1,1,2,1,3,2,3,3,1,3,1,6,3,2,2,1,1,2,1,1,3,3,2,1,3,1,2,4,1,1,1,0,0,1,1,0,1,1,1,0,0,1,5,1
NDDM22,KASTURBA GANDHI BALIKA VIDYALAY DHARMABAD,2,8,14,0,3,1,3,1,1,2,1,3,2,3,3,1,3,1,6,3,2,2,1,1,2,8,1,3,3,2,1,3,1,2,4,1,1,1,0,0,1,1,0,1,1,1,0,0,1,5,1
NDDM23,KASTURBA GANDHI BALIKA VIDYALAY DHARMABAD,1,7,12,0,3,1,3,1,1,2,1,3,2,3,3,1,3,1,,3,2,2,5,1,2,8,1,3,3,2,1,3,1,2,4,1,1,1,0,0,1,1,0,1,1,1,0,0,1,5,1
NDDM24,KASTURBA GANDHI BALIKA VIDYALAY DHARMABAD,2,6,12,1,3,1,3,1,1,2,1,3,2,3,3,1,3,1,,3,6,6,1,1,6,8,8,3,3,2,1,3,1,2,4,1,1,1,0,0,1,1,0,1,1,1,0,0,1,5,1
NDDM26,GURUKUL VIDYALAY DHARMABAD,1,8,13,0,3,1,3,1,1,2,1,3,2,3,3,1,3,1,6,3,2,2,1,1,2,8,1,3,3,2,1,3,1,2,4,1,1,1,0,0,1,1,0,1,1,1,0,0,1,5,1
NDDM27,GURUKUL VIDYALAY DHARMABAD,1,9,14,1,3,1,3,1,1,2,1,3,2,3,3,1,3,1,,3,2,2,1,1,2,1,1,3,3,2,1,3,1,2,4,1,1,1,0,0,1,1,0,1,1,1,0,0,1,5,1
NDDM29,GURUKUL VIDYALAY DHARMABAD,2,8,13,1,3,1,3,1,1,2,1,3,2,3,3,1,3,1,,3,6,6,1,1,6,1,1,3,3,2,1,3,1,2,4,1,1,1,0,0,1,1,0,1,1,1,0,0,1,5,1
NDDM30,GURUKUL VIDYALAY DHARMABAD,1,10,14,0,3,1,3,1,1,2,1,3,2,3,3,1,3,1,6,3,2,2,1,1,2,1,1,3,3,2,1,3,1,2,4,1,1,1,0,0,1,1,0,1,1,1,0,0,1,5,1
NDDM31,CHATRAPATI SHIVAJI VIDYALA KAREGAON,1,9,13,0,3,1,3,1,1,2,1,3,2,3,3,1,3,1,,3,2,2,1,5,2,1,1,3,3,2,1,3,1,2,4,1,1,1,0,0,1,1,0,1,1,1,0,0,1,5,1
NDDM32,CHATRAPATI SHIVAJI VIDYALA KAREGAON,2,9,14,0,3,1,3,1,1,2,1,3,2,3,3,1,3,1,,3,2,2,1,1,2,1,1,3,3,2,1,3,1,2,4,1,1,1,0,0,1,1,0,1,1,1,0,0,1,5,1
NDDM33,CHATRAPATI SHIVAJI VIDYALA KAREGAON,1,8,13,1,3,1,3,1,1,2,1,3,2,3,3,1,3,1,,3,2,2,1,1,2,8,8,3,3,2,1,3,1,2,4,1,1,1,0,0,1,1,1,1,1,1,0,0,1,5,1
NDDM34,CHATRAPATI SHIVAJI VIDYALA KAREGAON,1,7,13,1,3,1,3,1,1,2,1,3,2,3,3,1,3,1,6,3,2,2,1,1,2,1,1,3,3,2,1,3,1,2,4,1,1,1,0,0,1,1,0,1,1,1,0,0,1,5,1
NDDM35,CHATRAPATI SHIVAJI VIDYALA KAREGAON,1,6,11,1,3,1,3,1,1,2,1,3,2,3,3,1,3,1,,3,2,2,1,1,2,1,1,3,3,2,1,3,1,2,4,1,1,1,0,0,1,1,0,1,1,1,0,0,1,5,1
NDMK25,VJNT SECONDARY ASHRAM SCHOOL MUGAT TQ MUDKHED DIST NANDED,1,10,15,1,3,1,3,1,1,2,1,3,2,3,3,1,3,1,,3,2,2,1,1,2,4,1,3,3,2,1,3,1,2,4,1,1,1,0,0,1,1,0,1,1,1,0,0,1,5,1
NDMK26,VJNT SECONDARY ASHRAM SCHOOL MUGAT TQ MUDKHED DIST NANDED,1,9,14,1,3,1,3,1,1,2,1,3,2,3,3,1,2,1,6,3,2,2,1,1,2,8,1,3,3,2,1,3,1,2,4,1,1,1,0,0,1,1,0,1,1,1,0,0,1,5,1
NDMK27,VJNT SECONDARY ASHRAM SCHOOL MUGAT TQ MUDKHED DIST NANDED,1,9,14,1,3,1,3,1,1,2,1,3,2,3,3,1,3,1,6,3,2,2,1,1,2,8,8,3,3,2,1,3,1,2,4,1,1,1,0,0,1,1,0,1,1,1,0,0,1,5,1
NDMK28,VJNT SECONDARY ASHRAM SCHOOL MUGAT TQ MUDKHED DIST NANDED,1,8,14,1,3,3,2,2,3,2,0,3,3,3,3,3,3,3,4,3,6,6,1,4,7,2,6,3,1,2,2,2,3,2,4,1,1,1,0,0,0,1,1,1,1,1,0,1,1,1,1
NDMK29,VJNT SECONDARY ASHRAM SCHOOL MUGAT TQ MUDKHED DIST NANDED,1,7,14,1,3,2,3,3,1,2,1,3,2,3,3,1,3,1,4,3,8,6,1,8,2,8,8,3,3,2,2,1,3,2,4,1,1,1,0,0,1,1,1,1,1,1,0,0,1,5,0
NDMK30,VJNT SECONDARY ASHRAM SCHOOL MUGAT TQ MUDKHED DIST NANDED,1,6,11,1,3,2,3,3,2,1,1,3,2,3,3,1,3,1,,3,2,2,8,8,2,8,5,3,3,3,3,2,3,3,4,1,1,1,0,0,1,1,1,1,1,1,0,0,1,4,1
NDMK31,ASHRAM HIGH SCHOOL (S.C.),2,8,13,1,3,2,3,3,3,2,1,3,2,3,3,1,3,1,6,3,2,2,1,8,2,8,8,3,3,1,2,3,3,2,4,1,1,1,0,0,1,1,1,1,1,1,0,0,1,5,1
NDMK32,ASHRAM HIGH SCHOOL (S.C.),2,8,13,1,3,1,3,3,3,2,2,3,2,3,3,1,3,1,4,3,2,6,8,8,2,8,8,3,3,1,2,3,3,2,4,1,1,1,0,0,1,1,1,1,1,1,0,0,1,1,1
NDMK33,ASHRAM HIGH SCHOOL (S.C.),2,6,11,1,3,1,3,3,1,1,2,3,2,3,3,1,3,1,4,3,2,2,8,8,2,8,8,3,3,2,2,3,3,3,4,1,1,1,0,0,1,1,1,1,1,1,0,0,1,1,1
NDMK34,ASHRAM HIGH SCHOOL (S.C.),2,10,15,1,3,1,3,3,3,2,1,3,2,3,3,3,3,1,,3,2,2,8,8,2,8,7,3,3,2,3,3,1,2,4,1,1,1,0,0,1,1,1,1,1,1,0,0,1,5,1
NDMK35,ASHRAM HIGH SCHOOL (S.C.),2,9,14,1,3,2,3,3,3,2,1,3,2,3,3,1,3,1,6,3,2,2,8,4,7,8,8,3,3,2,2,3,1,2,4,1,1,1,0,0,1,1,1,1,1,1,0,0,1,5,1
NDMK36,ASHRAM HIGH SCHOOL (S.C.),2,7,12,1,3,1,3,3,1,2,3,3,2,3,3,1,3,1,,3,2,2,1,8,2,8,8,3,3,2,2,2,1,2,4,1,1,1,0,0,1,1,1,1,1,1,0,0,1,5,1
NDMK37,ZILLA PARISHAD HIGH SCHOOL MUGAT,2,9,14,1,3,1,3,3,1,2,1,3,2,3,3,1,3,1,3,2,2,2,1,8,2,8,7,3,3,2,2,1,3,2,4,1,1,1,0,0,1,1,1,1,1,1,0,0,1,5,1
NDMK38,ZILLA PARISHAD HIGH SCHOOL MUGAT,2,8,13,1,3,2,3,3,3,2,1,3,2,3,3,1,3,1,,3,2,2,7,8,2,8,1,3,3,2,2,3,3,2,4,1,1,1,0,0,1,1,1,1,1,1,0,0,1,5,1
NDMK39,ZILLA PARISHAD HIGH SCHOOL MUGAT,1,10,15,1,3,2,3,3,3,2,1,3,2,3,3,1,3,3,,3,2,2,8,0,2,8,8,3,3,2,3,3,3,1,4,1,1,1,0,0,1,1,1,1,1,0,0,1,1,5,1
NDMK40,ZILLA PARISHAD HIGH SCHOOL MUGAT,1,9,14,1,3,2,3,3,3,2,1,3,2,3,3,1,3,1,,3,2,2,8,8,2,8,8,3,3,2,2,3,3,2,4,1,1,1,0,0,1,1,1,1,1,1,0,0,1,4,1
NDMK41,ZILLA PARISHAD HIGH SCHOOL MUGAT,1,8,13,1,3,2,3,3,3,2,1,3,2,3,3,1,3,1,,3,2,2,1,8,2,8,8,3,3,2,2,3,3,2,4,1,1,1,0,0,1,1,1,1,1,1,0,0,1,1,1
NDMK42,ZILLA PARISHAD HIGH SCHOOL MUGAT,2,7,11,1,3,2,3,3,3,2,2,3,2,3,3,3,3,1,,3,2,2,1,8,2,8,8,3,3,2,2,3,2,3,4,1,1,1,0,0,1,1,1,1,1,1,0,0,1,5,1
NDMK43,ZILLA PARISHAD CENTRAL PRIMARY SCHOOL NIVGHA,2,8,13,1,3,1,3,3,3,2,2,3,2,3,3,1,3,1,6,3,2,2,1,8,2,8,0,3,3,2,2,3,3,3,4,1,1,1,0,0,1,1,1,1,1,1,0,0,1,5,1
NDMK44,ZILLA PARISHAD CENTRAL PRIMARY SCHOOL NIVGHA,1,7,13,1,3,2,3,3,3,2,3,3,2,3,3,1,3,1,4,3,2,2,1,7,2,8,8,3,3,2,2,3,3,2,4,1,1,1,0,0,1,1,1,1,1,1,0,0,1,5,1
NDMK45,ZILLA PARISHAD CENTRAL PRIMARY SCHOOL NIVGHA,1,9,14,1,3,2,3,3,3,2,1,3,2,3,3,3,3,1,4,3,2,2,1,8,2,8,1,3,3,2,2,3,3,3,4,1,1,1,0,0,1,1,1,1,1,1,0,0,1,5,1
NDMK46,ZILLA PARISHAD CENTRAL PRIMARY SCHOOL NIVGHA,1,9,14,1,3,1,3,3,3,2,1,3,2,3,3,3,3,1,4,3,2,2,1,8,2,4,8,3,3,2,3,3,3,3,4,1,1,1,0,0,1,1,1,1,1,1,0,0,1,4,1
NDMK47,ZILLA PARISHAD CENTRAL PRIMARY SCHOOL NIVGHA,2,8,13,1,3,2,3,3,3,2,1,3,2,3,3,1,3,1,6,3,2,2,8,7,6,4,8,3,3,2,2,2,3,3,4,1,1,1,0,0,1,1,1,1,1,1,0,0,1,1,1
NDMK48,ZILLA PARISHAD CENTRAL PRIMARY SCHOOL NIVGHA,1,7,12,1,3,2,3,3,3,2,1,3,2,3,3,1,3,1,4,3,2,2,8,8,2,8,8,3,3,2,2,3,3,2,4,1,1,1,0,0,1,1,1,1,1,1,0,0,1,1,1
NDMK49,KASTURBA GANDHI BALIK VIDYALAYA MUDKHED,1,8,13,1,3,2,3,3,1,2,1,3,2,3,3,1,3,1,4,3,2,2,1,8,6,8,8,3,3,2,2,3,3,3,4,1,1,1,0,0,1,1,1,1,1,1,0,0,1,1,1
NDMK50,KASTURBA GANDHI BALIK VIDYALAYA MUDKHED,2,10,15,1,3,2,3,3,3,2,2,3,2,3,3,1,3,1,4,3,2,2,1,7,8,4,8,3,3,2,3,3,3,1,4,1,1,1,0,0,1,1,1,1,1,1,0,0,1,1,0
NDMK51,KASTURBA GANDHI BALIK VIDYALAYA MUDKHED,1,9,14,1,3,2,3,3,2,2,1,3,2,3,3,1,3,1,6,3,2,2,1,8,2,8,8,3,3,2,2,1,2,2,4,1,1,1,1,0,0,1,1,1,1,1,0,0,1,4,1
NDMK52,KASTURBA GANDHI BALIK VIDYALAYA MUDKHED,1,8,13,1,3,2,3,3,2,2,1,3,2,3,3,1,3,1,4,3,2,2,1,8,2,8,1,3,3,2,2,3,3,3,4,1,1,1,0,0,1,1,1,1,1,1,0,0,1,5,1
NDMK53,KASTURBA GANDHI BALIK VIDYALAYA MUDKHED,1,7,12,1,3,1,3,3,1,2,3,3,2,3,3,1,3,1,4,3,2,2,1,8,8,8,1,3,3,2,2,2,3,3,4,1,1,1,1,0,0,1,1,1,1,1,0,0,1,5,1
NDMK54,KASTURBA GANDHI BALIK VIDYALAYA MUDKHED,2,6,11,1,3,2,3,3,3,2,1,3,2,3,3,1,3,1,6,3,2,2,1,8,2,8,7,3,1,2,1,3,1,2,4,1,1,1,0,0,1,1,1,1,1,1,0,0,1,5,1
NDHN3,H JAYWANTRAO PATIL VIDHYALAYA KHADKI,2,7,12,1,3,1,3,3,3,2,1,3,2,3,3,1,3,1,4,4,2,2,8,7,8,8,8,3,3,2,2,3,1,1,4,1,1,1,0,0,1,1,1,1,1,0,0,1,1,5,1
NDHN4,H JAYWANTRAO PATIL VIDHYALAYA KHADKI,2,10,15,1,3,1,3,3,1,2,1,3,2,3,3,1,3,1,4,3,2,2,5,1,6,8,8,3,3,2,3,3,1,2,4,1,1,1,0,0,1,1,1,1,1,1,0,0,1,5,1
NDHN5,LATE-MAHADJI PATIL MADHYAMIK VIDYALAYA KANDLI BK.,2,8,13,1,3,2,3,3,3,3,1,3,2,3,3,1,3,1,4,4,2,2,8,7,6,8,8,3,3,2,3,3,1,2,4,1,1,1,0,0,1,1,1,1,1,0,0,1,1,5,1
NDHN6,LATE-MAHADJI PATIL MADHYAMIK VIDYALAYA KANDLI BK.,2,9,14,1,3,1,3,3,3,2,1,3,2,3,3,1,3,1,,3,2,2,8,7,2,8,8,3,3,2,2,3,1,2,4,1,1,1,0,0,1,1,1,1,1,0,0,1,1,5,1
NDHN7,LATE-MAHADJI PATIL MADHYAMIK VIDYALAYA KANDLI BK.,2,9,14,1,3,2,3,3,3,2,1,3,2,3,3,1,3,1,,3,2,2,8,7,2,8,8,3,3,2,3,3,3,2,4,1,1,1,0,0,1,1,1,1,1,1,0,0,1,5,1
NDHN8,LATE-MAHADJI PATIL MADHYAMIK VIDYALAYA KANDLI BK.,2,10,15,1,3,2,3,3,3,2,1,3,2,3,3,1,3,1,,3,2,6,8,7,2,8,8,3,3,2,2,3,1,2,4,1,1,1,0,0,1,1,1,1,1,1,0,0,1,5,1
NDHN9,GOVT SEC ASHRAM SCH DUDHAD,2,7,12,1,3,1,3,1,1,2,1,3,2,3,3,1,3,1,,3,2,2,8,7,6,8,8,3,3,2,2,3,3,2,4,1,1,1,0,0,1,1,1,1,1,1,0,0,1,5,0
NDHN10,GOVT SEC ASHRAM SCH DUDHAD,2,8,13,1,3,1,3,1,1,2,1,3,3,3,3,1,3,1,6,3,2,6,1,1,6,8,8,3,3,2,2,1,1,2,4,1,1,1,0,0,1,1,1,1,1,1,0,0,1,5,1
NDHN11,GOVT SEC ASHRAM SCH DUDHAD,2,9,14,1,3,1,3,3,1,2,1,3,2,3,3,1,3,1,6,3,2,2,8,8,6,8,8,3,3,1,3,3,1,2,4,1,1,1,0,0,0,1,1,1,1,1,0,0,1,5,1
NDHN12,GOVT SEC ASHRAM SCH DUDHAD,2,10,15,1,3,1,3,3,1,2,1,3,2,3,3,1,3,1,,3,2,7,8,8,6,8,8,3,3,1,2,1,1,2,4,1,1,1,0,0,1,1,1,1,1,1,0,0,1,5,1
NDHN13,ZILLA PARISHAD HIGH SCHOOL HIMAYATNAGAR,2,9,14,1,3,1,3,3,1,2,1,3,2,3,3,1,3,1,4,3,2,2,8,7,6,8,8,0,0,0,0,0,0,0,0,1,1,1,0,0,1,1,1,1,1,1,0,0,1,5,1
NDHN14,ZILLA PARISHAD HIGH SCHOOL HIMAYATNAGAR,2,9,14,1,3,1,3,3,1,2,1,3,2,3,3,1,3,1,4,3,2,2,1,8,7,7,1,3,3,2,3,3,1,2,4,1,1,1,0,0,1,1,1,1,1,1,0,0,1,5,1
NDHN15,ZILLA PARISHAD HIGH SCHOOL HIMAYATNAGAR,2,10,16,1,3,2,3,3,3,1,1,3,2,3,3,1,3,1,4,4,2,2,8,4,6,8,8,3,3,1,2,1,1,2,4,1,1,1,0,0,1,1,1,1,1,1,0,0,1,5,1
NDHN16,ZILLA PARISHAD HIGH SCHOOL HIMAYATNAGAR,2,10,15,1,3,1,3,3,3,2,1,3,2,3,3,1,3,1,4,4,2,2,8,8,6,8,8,3,3,2,1,1,1,2,4,1,1,1,0,0,0,1,1,1,1,1,0,0,1,5,1
NDHN17,GOVT ASHRAM SEC. SCH EKDHARI,2,10,17,1,3,1,3,3,1,2,1,3,2,3,3,1,3,1,6,3,2,2,1,1,2,2,1,3,3,2,2,3,1,2,1,1,1,0,0,1,1,1,1,1,1,1,0,0,1,5,1
NDHN18,GOVT ASHRAM SEC. SCH EKDHARI,2,9,14,1,3,1,3,3,1,2,1,3,2,3,3,1,3,1,6,3,2,2,1,1,2,8,1,3,3,2,3,3,1,2,4,1,1,1,0,0,1,1,1,1,1,1,0,0,1,5,1
NDHN19,GOVT ASHRAM SEC. SCH EKDHARI,2,8,13,1,3,1,3,3,1,2,1,3,2,3,3,1,3,1,6,3,6,6,8,7,2,8,1,3,3,2,2,2,1,2,4,1,1,1,0,0,1,1,1,1,1,1,0,0,1,5,1
NDHN20,GOVT ASHRAM SEC. SCH EKDHARI,2,7,13,1,3,3,3,3,3,2,3,3,2,3,3,1,3,1,6,3,2,6,1,1,6,8,8,3,3,2,2,0,1,2,4,1,1,1,0,0,1,1,1,1,1,1,0,0,0,5,1
NDHN21,ZILLA PARISHAD HIGH SCHOOL KAMARI,2,10,16,1,0,0,0,0,0,0,0,0,0,0,0,0,0,0,0,0,0,0,0,0,0,0,0,0,0,0,0,0,0,0,0,0,0,0,0,0,0,0,0,0,0,0,0,0,0,0,0
NDHN22,ZILLA PARISHAD HIGH SCHOOL KAMARI,2,9,14,1,3,1,3,3,1,2,1,3,2,3,3,1,3,1,,3,2,2,5,5,2,8,1,3,3,2,3,2,1,2,4,1,1,1,0,0,1,1,1,1,1,1,0,0,1,5,1
NDHN23,ZILLA PARISHAD HIGH SCHOOL KAMARI,2,8,13,1,3,2,3,3,1,2,1,3,2,3,3,1,3,1,,3,2,2,1,8,2,8,1,3,3,2,2,3,1,2,4,1,1,1,0,0,1,1,1,1,1,1,0,0,1,5,1
NDHN24,ZILLA PARISHAD HIGH SCHOOL KAMARI,2,7,13,1,3,1,3,3,1,2,1,3,2,3,3,1,3,1,6,3,2,2,1,1,6,1,1,3,3,2,2,3,1,1,0,1,1,1,0,0,1,1,1,1,1,1,0,0,1,5,1
NDHN25,ZILLA PARISHAD HIGH SCHOOL JAWALGON,2,10,15,1,3,1,3,3,1,2,1,3,2,3,3,1,3,1,4,3,2,2,5,8,6,8,8,3,3,2,3,2,1,2,4,1,1,1,0,0,1,1,1,1,1,1,0,0,1,5,1
NDHN26,ZILLA PARISHAD HIGH SCHOOL JAWALGON,2,9,14,1,3,1,3,3,1,2,1,3,2,3,3,1,3,1,4,3,2,6,1,1,6,8,8,3,3,2,3,3,1,2,4,1,1,1,0,0,1,1,1,1,1,1,0,0,1,5,1
NDHN27,ZILLA PARISHAD HIGH SCHOOL JAWALGON,2,8,13,1,3,1,3,3,1,2,1,3,2,3,3,1,3,1,4,3,2,2,5,8,2,7,1,3,3,2,2,3,1,2,4,1,1,1,0,0,1,1,1,1,1,1,0,0,1,5,1
NDHN28,ZILLA PARISHAD HIGH SCHOOL JAWALGON,2,7,12,1,3,1,3,1,1,2,1,3,2,3,3,1,3,1,,3,2,2,1,7,2,8,8,3,3,2,3,3,1,2,4,1,1,1,0,0,1,1,1,1,1,1,0,0,1,5,1
NDDG1,Z.P.H.S.SHAHAPUR,2,9,14,1,3,1,3,1,1,2,1,3,2,3,3,1,3,1,,3,2,2,1,1,2,8,8,3,3,2,1,3,1,2,4,1,1,1,0,0,1,1,0,1,1,1,0,0,1,5,1
NDDG2,Z.P.H.S.SHAHAPUR,1,9,16,0,3,1,3,1,1,2,1,3,2,3,3,1,3,1,,3,2,2,1,1,2,8,1,3,3,2,1,3,1,2,4,1,1,1,0,0,1,1,0,1,1,1,0,0,1,5,1
NDDG4,Z.P.H.S.SHAHAPUR,2,9,14,0,3,1,3,1,1,2,1,3,2,3,3,1,3,1,,3,2,2,1,8,2,1,1,3,3,2,1,3,1,2,4,1,1,1,0,0,1,1,0,1,1,1,0,0,1,5,1
NDDG5,Z.P.H.S.MARKHEL,2,7,12,0,3,1,3,1,1,2,1,3,2,3,3,1,3,1,,3,2,2,1,1,2,8,1,3,3,2,1,3,1,2,4,1,1,1,0,0,1,1,0,1,1,1,0,0,1,5,1
NDDG6,Z.P.H.S.MARKHEL,1,8,13,0,3,1,3,1,1,2,1,3,2,3,3,1,3,1,,3,2,2,1,1,2,8,1,3,3,2,1,3,1,2,4,1,1,1,0,0,1,1,0,1,1,1,0,0,1,5,1
NDDG7,Z.P.H.S.MARKHEL,1,10,15,0,3,1,3,1,1,2,1,3,2,3,3,1,3,1,,3,2,2,1,1,2,8,8,3,3,2,1,3,1,2,4,1,1,1,0,0,1,1,0,1,1,1,0,0,1,5,1
NDDG8,Z.P.H.S.MARKHEL,1,9,13,1,3,1,3,1,1,2,1,3,2,3,3,1,3,1,,3,2,2,1,1,2,8,1,3,3,2,1,3,1,2,4,1,1,1,0,0,1,1,0,1,1,1,0,0,1,5,1
NDDG9,Z.P.H.S.KHANAPUR,1,8,13,0,3,1,3,1,1,2,1,3,2,3,3,1,3,1,6,3,2,2,1,1,2,8,1,3,3,2,1,3,1,2,4,1,1,1,0,0,1,1,0,1,1,1,0,0,1,5,1
NDDG10,Z.P.H.S.KHANAPUR,1,10,15,0,3,1,3,1,1,2,1,3,2,3,3,1,3,1,6,3,2,2,1,8,2,8,1,3,3,2,1,3,1,2,4,1,1,1,0,0,1,1,0,1,1,1,0,0,1,5,1
NDDG11,Z.P.H.S.KHANAPUR,1,9,14,0,3,1,3,1,1,2,1,3,2,3,3,1,3,1,6,3,2,2,1,1,2,8,1,3,3,2,1,3,1,2,4,1,1,1,0,0,1,1,0,1,1,1,0,0,1,5,1
NDDG13,Z.P.H.S.KARADKHED,2,7,12,1,3,1,3,1,1,2,1,3,2,3,3,1,3,1,,3,2,2,1,1,2,8,5,3,3,2,1,3,1,2,4,1,1,1,0,0,1,1,0,1,1,1,0,0,1,5,1
NDDG14,Z.P.H.S.KARADKHED,1,7,12,0,3,1,3,1,1,2,1,3,2,3,3,1,3,1,,3,2,2,1,1,2,8,8,3,3,2,1,3,1,2,4,1,1,1,0,0,1,1,0,1,1,1,0,0,1,5,1
NDDG15,Z.P.H.S.KARADKHED,2,10,15,0,3,1,3,1,1,2,1,3,2,3,3,1,3,1,,3,2,2,1,1,2,8,1,3,3,2,1,3,1,2,4,1,1,1,0,0,1,1,0,1,1,1,0,0,1,5,1
NDDG16,Z.P.H.S.KARADKHED,1,9,14,1,3,1,3,1,1,2,1,3,2,3,3,1,3,1,,3,2,2,1,1,2,8,8,3,3,2,1,3,1,2,4,1,1,1,0,0,1,1,0,1,1,1,0,0,1,5,1
NDDG17,GADGEBABA PANCHPURA VID MALEGAON,2,9,14,1,3,1,3,1,1,2,1,3,2,3,3,1,3,1,,3,2,2,1,8,2,8,1,3,3,2,1,3,1,2,4,1,1,1,0,0,1,1,0,1,1,1,0,0,1,5,1
NDDG18,GADGEBABA PANCHPURA VID MALEGAON,2,8,13,1,3,1,3,1,1,2,1,3,2,3,3,1,2,1,6,3,2,2,1,1,2,8,1,3,3,2,1,3,1,2,4,1,1,1,0,0,1,1,0,1,1,1,0,0,1,5,1
NDDG20,GADGEBABA PANCHPURA VID MALEGAON,1,6,11,0,3,1,3,1,1,2,1,3,2,3,3,1,3,1,6,3,2,2,1,1,6,8,1,3,3,2,1,3,1,2,4,1,1,1,0,0,1,1,0,1,1,1,0,0,1,5,1
NDDG21,DR RAM MANOHAR LOHIYA URDU DEGLOOR,1,7,13,0,3,1,3,1,1,2,1,3,2,3,3,1,3,1,,3,2,2,1,1,2,8,8,3,3,2,1,3,1,2,4,1,1,1,0,0,1,1,0,1,1,1,0,0,1,5,1
NDDG22,DR RAM MANOHAR LOHIYA URDU DEGLOOR,1,8,13,0,3,1,3,1,1,2,1,3,2,3,3,1,3,1,6,3,6,2,1,1,2,8,1,3,3,2,1,3,1,2,4,1,1,1,0,0,1,1,0,1,1,1,0,0,1,5,1
NDDG23,DR RAM MANOHAR LOHIYA URDU DEGLOOR,1,9,14,0,3,1,3,1,1,2,1,3,2,3,3,1,2,1,,3,2,2,1,8,8,8,1,3,3,2,1,3,1,2,4,1,1,1,0,0,1,1,0,1,1,1,0,0,1,5,1
NDDG24,DR RAM MANOHAR LOHIYA URDU DEGLOOR,1,10,15,0,3,1,3,1,1,2,1,3,2,3,3,1,3,1,,3,2,2,1,1,2,8,1,3,3,2,1,3,1,2,4,1,1,1,0,0,1,1,0,1,1,1,0,0,1,5,1
NDDG25,BASWESHWAR VIDYALAYA NARANGAL BK,1,9,14,1,3,1,3,1,1,2,1,3,2,3,3,1,3,1,6,3,2,2,1,1,2,8,1,3,3,2,1,3,1,2,4,1,1,1,0,0,1,1,0,1,1,1,0,0,1,5,1
NDDG26,BASWESHWAR VIDYALAYA NARANGAL BK,1,8,13,1,3,1,3,1,1,2,1,3,2,3,3,1,3,1,,3,2,2,1,1,2,8,8,3,3,2,1,3,1,2,4,1,1,1,0,0,1,1,0,1,1,1,0,0,1,5,1
NDDG27,BASWESHWAR VIDYALAYA NARANGAL BK,1,7,14,1,3,1,3,1,1,2,1,3,2,3,3,1,3,1,,3,2,2,1,1,2,8,8,3,3,2,1,3,1,2,4,1,1,1,0,0,1,1,0,1,1,1,0,0,1,5,1
NDDG28,BASWESHWAR VIDYALAYA NARANGAL BK,1,6,11,1,3,1,3,1,1,2,1,3,2,3,3,1,3,1,,3,2,2,1,1,2,8,1,3,3,2,1,3,1,2,4,1,1,1,0,1,1,1,0,1,1,1,0,0,1,5,1
NDDG30,ADARSHA VIDYALAYA TAKLI JAHAGIR,2,8,13,1,3,1,3,1,1,2,1,3,2,3,3,1,3,1,,3,6,6,1,1,6,8,8,3,3,2,1,3,1,2,4,1,1,1,0,0,1,1,0,1,1,1,0,0,1,5,1
NDDG31,ADARSHA VIDYALAYA TAKLI JAHAGIR,1,7,12,1,3,1,3,1,1,2,1,3,2,3,3,1,3,1,,3,2,2,1,1,2,8,8,3,3,2,1,3,1,2,4,1,1,1,0,0,1,1,1,1,1,1,0,0,1,5,1
NDDG32,ADARSHA VIDYALAYA TAKLI JAHAGIR,1,6,11,1,3,1,3,1,1,2,1,3,2,3,3,1,3,1,,3,2,2,1,2,2,8,1,3,3,2,1,3,1,2,4,1,1,1,0,0,1,1,0,1,1,1,0,0,1,5,1
NDBL33,ZILLA PARISHAD HIGHSCHOOL LOHAGAON,2,7,13,1,3,2,3,3,1,2,1,3,2,3,3,1,3,1,,3,2,2,7,8,6,8,1,3,3,2,1,1,3,2,4,1,1,1,0,0,1,1,1,1,1,1,0,0,1,5,1
NDBL34,ZILLA PARISHAD HIGHSCHOOL LOHAGAON,2,10,15,1,3,2,3,3,1,2,1,3,2,3,3,1,3,1,4,3,2,2,1,8,2,8,1,3,3,2,3,3,1,2,4,1,1,1,0,0,1,1,1,1,1,1,0,0,1,5,1
NDBL35,ZILLA PARISHAD HIGHSCHOOL LOHAGAON,1,8,13,1,3,2,3,2,1,2,0,3,2,3,3,1,3,1,4,3,2,2,8,1,2,8,1,3,3,2,2,3,1,2,4,1,1,1,0,0,1,1,1,1,1,1,0,0,1,5,1
NDBL36,ZILLA PARISHAD HIGHSCHOOL LOHAGAON,1,9,14,1,3,2,3,1,1,2,1,3,2,3,3,3,3,1,4,3,2,2,1,8,2,8,1,3,3,3,2,2,1,3,4,1,1,1,0,0,1,1,1,1,1,1,0,0,1,5,1
NDBL37,ZILLA PARISHAD HIGHSCHOOL LOHAGAON,1,6,12,1,3,2,3,1,1,2,1,3,2,3,3,1,3,1,6,3,2,2,1,8,2,8,1,3,3,2,2,2,3,2,4,1,1,1,0,0,1,1,1,1,1,1,0,0,1,1,1
NDBL38,ZILLA PARISHAD HIGHSCHOOL LOHAGAON,2,7,12,1,3,2,3,1,1,2,1,3,2,3,3,1,3,1,,3,2,2,1,8,2,8,8,3,3,2,2,3,2,2,4,1,1,1,0,1,1,1,1,1,1,1,0,0,1,1,1
NDBL39,ZILLA PARISHAD HIGHSCHOOL LOHAGAON,1,10,15,1,3,2,3,1,1,2,2,3,2,3,3,1,2,3,4,3,2,2,1,7,2,8,8,3,3,1,2,1,3,2,4,1,1,1,0,1,1,1,1,1,1,1,0,0,1,1,1
NDBL40,ZILLA PARISHAD HIGHSCHOOL LOHAGAON,2,9,14,1,3,2,3,1,1,2,1,3,2,3,3,1,3,1,,3,2,2,8,1,2,8,1,3,3,2,1,1,3,2,4,1,1,1,0,1,1,1,1,1,1,1,0,0,1,5,1
NDHG51,GOVT. ASHRAM H.S.KEDARKUDA HADGAON,2,10,15,1,3,1,3,1,1,2,1,3,2,3,3,1,3,1,,3,6,2,1,8,2,7,1,3,3,2,1,3,1,2,4,1,1,1,0,0,1,1,1,1,1,1,0,0,1,5,1
NDHG52,CPS NIWAGHA,2,6,13,1,3,1,3,1,1,2,1,3,2,3,3,1,3,1,4,3,2,2,1,8,8,8,1,3,3,2,3,3,1,2,4,1,1,1,0,0,1,1,1,1,1,1,0,0,1,5,1
NDHG53,CPS NIWAGHA,2,7,13,1,3,2,3,3,3,3,3,3,2,3,3,3,3,3,0,3,6,6,1,1,6,8,7,3,1,2,3,3,2,2,4,1,1,1,0,1,1,1,1,1,1,1,1,1,1,1,1
NDHG54,CPS NIWAGHA,2,7,13,1,3,1,3,1,1,2,1,3,2,3,3,1,3,1,,3,2,2,1,8,2,4,1,3,3,2,1,3,1,2,4,1,1,1,0,0,1,1,1,1,1,1,0,0,1,5,1
NDHG55,CPS NIWAGHA,1,6,12,1,3,0,3,3,3,3,3,3,2,3,3,1,3,3,2,3,2,2,1,5,6,8,5,3,1,2,3,3,2,2,4,1,1,1,0,1,1,1,1,1,1,1,1,1,1,1,1
NDHG56,CPS NIWAGHA,1,7,13,1,3,2,3,3,3,3,3,3,2,3,3,3,3,3,2,3,6,2,5,6,6,5,5,3,1,2,3,2,2,2,4,1,1,1,0,1,1,1,1,1,1,1,1,1,1,1,1
NDHG57,CPS NIWAGHA,1,7,13,1,3,2,3,3,3,3,3,3,2,3,3,3,3,3,2,3,6,2,5,5,6,8,5,3,1,2,3,2,0,0,4,1,1,1,0,1,1,1,1,1,1,1,1,1,1,1,1
NDBK34,ZILLA PARISHAD HIGH SCHOOL PALAJ,2,10,15,1,3,0,3,3,3,1,0,3,3,3,3,3,3,3,1,2,2,2,1,1,2,1,1,3,1,0,0,2,0,0,4,0,0,1,0,0,0,1,0,1,1,1,0,0,1,3,1
NDBK36,ZILLA PARISHAD HIGH SCHOOL PALAJ,2,10,16,1,3,1,3,3,3,3,1,2,2,1,3,3,3,3,2,4,4,4,4,5,4,8,4,3,3,2,2,2,2,2,4,1,1,1,1,1,1,1,1,0,1,1,1,0,1,3,1
NDND101,DR. ZAKIR HUSAIN URDU HS REHMAT NAGAR.,2,6,11,1,3,2,3,3,1,2,1,3,2,3,3,1,3,1,6,3,2,2,8,5,8,8,8,3,1,2,2,3,3,2,4,1,1,1,0,0,1,1,1,1,1,1,0,0,1,1,1
NDND102,DR. ZAKIR HUSAIN URDU HS REHMAT NAGAR.,2,6,11,1,3,2,3,3,1,2,1,3,2,3,3,1,3,1,6,3,2,2,8,8,2,8,8,1,3,2,3,3,3,2,4,1,1,1,0,0,1,1,1,1,1,1,0,0,1,1,1
NDUR1,ZPPS SINDHI,1,8,13,1,3,1,3,1,1,2,1,3,2,3,3,1,3,1,,3,2,2,1,1,2,8,8,3,3,2,1,3,1,2,4,1,1,1,0,0,1,1,0,1,0,1,0,0,1,5,1
NDUR2,ZPPS SINDHI,2,10,15,1,3,1,3,1,1,2,1,3,2,3,3,1,2,1,,3,2,2,1,1,2,8,8,3,3,2,1,3,1,2,4,1,1,1,0,0,1,1,0,1,1,1,0,0,1,5,1
NDUR3,ZPPS SINDHI,2,9,14,0,3,1,3,1,1,2,1,3,2,3,3,1,3,1,,3,2,2,1,1,2,8,8,3,3,2,1,3,1,2,4,1,1,1,0,0,1,1,0,1,1,1,0,0,1,5,1
NDUR4,ZPPS SINDHI,2,6,14,0,3,1,3,1,1,2,1,3,2,3,3,1,2,1,,3,2,2,1,1,2,8,8,3,3,2,1,3,1,2,4,1,1,1,0,0,1,1,0,1,1,1,0,0,1,5,1
NDUR5,ZPPS SINDHI,2,7,13,1,3,1,3,1,1,2,1,3,2,3,3,1,3,1,,3,2,2,1,1,2,8,8,3,3,2,1,3,1,2,4,1,1,1,0,0,1,1,0,1,1,1,0,0,1,5,1
NDUR6,S S DAGANU SEC ASHRAM SCH UMRI,2,7,13,1,3,1,3,1,1,2,1,3,2,3,3,1,3,1,,3,2,2,1,1,2,8,8,3,3,2,1,3,1,2,4,1,1,1,0,0,1,1,0,1,1,1,0,0,1,5,1
NDUR7,S S DAGANU SEC ASHRAM SCH UMRI,2,8,13,1,3,1,3,1,1,2,1,3,2,3,3,1,3,1,,3,2,2,1,1,2,8,8,3,3,2,1,3,1,2,4,1,1,1,0,0,1,1,0,1,1,1,0,0,1,5,1
NDUR8,S S DAGANU SEC ASHRAM SCH UMRI,2,9,14,0,3,1,3,1,1,2,1,3,2,3,3,1,3,1,,3,6,2,1,1,6,8,8,3,3,2,1,3,1,2,4,1,1,1,0,0,1,1,0,1,1,1,0,0,1,5,1
NDUR10,S S DAGANU SEC ASHRAM SCH UMRI,2,6,11,1,3,1,3,1,1,2,1,3,2,3,3,1,3,1,,3,2,2,1,1,2,8,8,3,3,2,1,3,1,2,4,1,1,1,0,0,1,1,0,1,1,1,0,0,1,5,1
NDUR11,Rest. Govt. School for BC Boys UMRI,1,8,13,1,3,1,3,1,1,2,1,3,2,3,3,1,3,1,,3,2,2,1,1,2,8,8,3,3,2,1,3,1,2,4,1,1,1,0,0,1,1,0,1,1,1,0,0,1,5,1
NDUR12,Rest. Govt. School for BC Boys UMRI,1,7,12,1,3,1,3,1,1,2,1,3,2,3,3,1,3,1,,3,2,2,1,1,2,8,8,3,3,2,1,3,1,2,4,1,1,1,0,0,1,1,0,1,1,1,0,0,1,5,1
NDUR13,Rest. Govt. School for BC Boys UMRI,1,8,13,0,3,1,3,1,1,2,1,3,2,3,3,1,3,1,,3,2,2,1,1,2,8,8,3,3,2,1,3,1,2,4,1,1,1,0,0,1,1,0,1,1,1,0,0,1,5,1
NDUR14,Rest. Govt. School for BC Boys UMRI,1,9,14,0,1,1,3,1,1,2,1,3,2,3,3,1,3,1,,3,2,2,1,1,2,8,8,3,3,2,1,3,1,2,4,1,1,1,0,0,1,1,0,1,1,1,0,0,1,5,1
NDUR15,Rest. Govt. School for BC Boys UMRI,1,10,15,0,3,1,3,1,1,2,1,3,2,3,3,1,3,1,6,3,2,2,1,1,2,8,8,3,3,2,1,3,1,2,4,1,1,1,0,0,1,1,0,1,1,1,0,0,1,5,1
NDUR16,KASTURBA GANDHI BALIKA VIDHYALAY UMRI,2,10,15,0,3,1,3,1,1,2,1,3,2,3,3,1,3,1,,3,2,2,1,1,2,8,8,3,3,2,1,3,1,2,4,1,1,1,0,0,1,1,0,1,1,1,0,0,1,5,1
NDUR17,KASTURBA GANDHI BALIKA VIDHYALAY UMRI,2,7,12,1,3,1,3,1,1,2,1,3,2,3,3,1,3,1,,3,0,2,1,1,0,8,8,3,3,2,1,3,1,2,4,1,1,1,0,0,1,1,0,1,1,1,0,0,1,5,1
NDUR18,KASTURBA GANDHI BALIKA VIDHYALAY UMRI,2,9,14,0,3,1,3,1,1,2,1,3,2,3,3,1,3,1,,3,2,2,1,1,2,8,8,3,3,2,1,3,1,2,4,1,1,1,0,0,1,1,0,1,1,1,0,0,1,5,1
NDUR19,KASTURBA GANDHI BALIKA VIDHYALAY UMRI,2,7,12,1,3,1,3,1,1,2,1,3,2,3,2,1,3,1,,3,2,2,1,1,2,8,8,3,3,2,1,3,1,2,4,1,1,1,0,0,1,1,0,1,1,1,0,0,1,5,1
NDUR20,KASTURBA GANDHI BALIKA VIDHYALAY UMRI,2,8,13,0,3,1,3,1,1,2,1,3,2,3,3,1,3,1,,3,2,2,1,1,2,8,8,3,3,2,1,3,1,2,4,1,1,1,0,0,1,1,0,1,1,1,0,0,1,5,1
NDUR21,CPS GORTHA,2,8,13,0,3,1,3,1,1,2,1,3,2,3,3,1,3,1,,3,2,2,1,1,2,8,8,3,3,2,1,3,1,2,4,1,1,1,0,0,1,1,0,1,1,1,0,0,1,5,1
NDUR22,CPS GORTHA,2,10,15,1,3,1,3,1,1,2,1,3,2,3,3,1,3,1,,3,2,2,1,1,2,8,8,3,3,2,1,3,1,2,4,1,1,1,0,0,1,1,0,1,1,1,0,0,1,5,1
NDUR23,CPS GORTHA,1,9,14,1,3,1,3,1,1,2,1,3,2,3,3,1,3,1,,3,2,2,1,1,2,8,8,3,3,2,1,3,1,2,4,1,1,1,0,0,1,1,0,1,1,1,0,0,1,5,1
NDUR24,CPS GORTHA,2,8,13,0,3,1,3,1,1,2,1,3,2,3,3,1,3,1,,3,2,2,1,1,2,8,8,3,3,2,1,3,1,2,4,1,1,1,0,0,1,1,0,1,1,1,0,0,1,5,1
NDUR26,C SHIVAJI HS DHOLUMRI,1,7,12,1,3,1,3,1,1,2,1,3,2,3,3,1,3,1,,3,2,2,1,1,2,8,8,3,3,2,1,3,1,2,4,1,1,1,0,0,1,1,0,1,1,1,0,0,1,5,1
NDUR27,C SHIVAJI HS DHOLUMRI,2,8,13,0,3,1,3,1,1,2,1,3,2,3,3,1,3,1,,3,6,2,1,1,6,8,8,3,3,2,1,3,1,2,4,1,1,1,0,0,1,1,0,1,1,1,0,0,1,5,1
NDUR29,C SHIVAJI HS DHOLUMRI,2,8,13,1,3,1,3,1,1,2,1,3,2,3,3,1,3,1,,3,2,2,1,1,2,8,8,3,3,2,1,3,1,2,4,1,1,1,0,0,1,1,0,1,1,1,0,0,1,5,1
NDUR30,C SHIVAJI HS DHOLUMRI,1,7,12,1,3,1,3,1,1,2,1,3,2,3,3,1,3,1,,3,2,2,1,1,2,8,8,3,3,2,1,3,1,2,4,1,1,1,0,0,1,1,0,1,1,1,0,0,1,5,1
NDUR31,BAPUSAHEB GORTHEKAR H.S. TALEGAON,2,7,13,1,3,1,3,1,1,2,1,3,2,3,3,1,3,1,,3,2,2,1,1,8,8,8,3,3,2,1,3,1,2,4,1,1,1,0,0,1,1,0,1,1,1,0,0,1,5,1
NDUR32,BAPUSAHEB GORTHEKAR H.S. TALEGAON,2,10,15,0,3,1,3,1,1,2,1,3,2,3,3,1,3,1,,3,2,2,1,1,2,8,8,3,3,2,1,3,1,2,4,1,1,1,0,0,1,1,0,1,1,1,0,0,1,5,1
NDUR33,BAPUSAHEB GORTHEKAR H.S. TALEGAON,2,9,14,1,3,1,3,1,1,2,1,3,2,3,3,1,3,1,,3,2,2,1,2,2,8,8,3,3,2,1,3,1,2,4,1,1,1,0,0,1,1,0,1,1,1,0,0,1,5,1
NDUR34,BAPUSAHEB GORTHEKAR H.S. TALEGAON,2,8,13,1,3,1,3,1,1,2,1,3,2,3,3,1,3,1,,3,2,2,1,1,2,8,8,3,3,2,1,3,1,2,4,1,1,1,0,0,1,1,0,1,1,1,0,0,1,5,1
NDUR35,BAPUSAHEB GORTHEKAR H.S. TALEGAON,2,7,12,1,3,1,3,1,1,2,1,3,2,3,3,1,3,1,,3,6,6,1,1,2,8,8,3,3,2,1,3,1,2,4,1,1,1,0,0,1,1,0,1,1,1,0,0,1,5,1
NDMD1,ADARSH VIDYALAYA HANGARGA (PK),2,9,14,1,3,1,3,3,3,3,0,3,2,3,1,3,3,1,2,1,2,2,1,1,2,1,1,1,1,2,2,2,1,2,4,1,1,1,0,0,0,1,0,1,1,1,0,1,1,2,1
NDMD2,ADARSH VIDYALAYA HANGARGA (PK),2,8,14,1,3,2,3,3,3,3,0,3,2,3,2,3,3,3,2,1,2,2,1,1,2,1,1,1,1,2,2,2,1,2,4,1,1,1,0,1,1,1,0,1,1,1,0,1,1,2,1
NDMD3,ADARSH VIDYALAYA HANGARGA (PK),2,9,14,1,3,2,3,3,3,3,0,3,2,3,2,3,3,2,2,1,2,2,1,1,2,1,1,1,1,2,2,2,0,2,4,1,1,1,0,0,0,1,0,1,1,1,0,1,1,2,1
NDMD4,ADARSH VIDYALAYA HANGARGA (PK),2,9,13,1,3,2,3,3,3,3,0,3,2,3,2,3,3,2,2,1,2,2,1,1,2,1,1,1,1,2,2,2,1,2,4,1,1,1,0,0,0,1,0,1,1,1,0,0,1,2,1
NDMD5,KAI. SHANKARRAO CHAVAN ANUDANIT ADIVASI ASHRAM SCHOOL KHARAB KHANDGAON,2,7,12,1,3,2,3,1,3,3,1,3,2,3,3,3,3,3,2,1,6,6,1,1,2,1,1,1,1,2,2,2,1,2,4,1,1,1,0,1,1,1,0,1,1,1,0,0,1,2,1
NDMD6,KAI. SHANKARRAO CHAVAN ANUDANIT ADIVASI ASHRAM SCHOOL KHARAB KHANDGAON,2,8,14,1,3,2,3,1,3,3,1,3,2,3,3,3,3,3,2,1,2,2,1,1,2,1,1,1,1,2,2,2,1,2,4,1,1,1,0,1,1,1,0,1,1,1,0,1,1,2,1
NDMD7,KAI. SHANKARRAO CHAVAN ANUDANIT ADIVASI ASHRAM SCHOOL KHARAB KHANDGAON,2,6,11,1,3,2,3,1,3,3,1,3,2,3,3,3,3,3,2,1,2,2,1,1,2,1,1,1,1,2,2,2,1,2,4,1,1,1,0,1,1,1,0,1,1,1,0,1,1,2,1
NDMD8,KAI. SHANKARRAO CHAVAN ANUDANIT ADIVASI ASHRAM SCHOOL KHARAB KHANDGAON,2,9,14,1,3,2,3,1,3,3,1,3,3,3,3,3,3,1,2,1,2,2,1,8,2,1,8,1,1,2,2,2,1,2,4,1,1,1,0,1,1,1,0,1,1,1,0,1,1,2,1
NDMD9,ZPHS BETMOGRA,2,6,11,1,3,2,3,3,3,3,1,3,2,3,3,3,3,3,2,1,2,2,1,1,2,1,1,1,1,2,2,2,1,2,4,1,1,1,0,1,1,1,0,1,1,1,0,1,1,2,1
NDMD10,ZPHS BETMOGRA,2,8,13,1,3,2,3,3,3,3,0,3,2,3,1,3,3,1,2,1,2,2,1,1,2,1,1,1,1,2,2,2,1,2,4,1,1,1,0,0,0,1,1,1,1,1,0,1,1,2,1
NDMD11,ZPHS BETMOGRA,2,7,12,1,3,2,3,1,3,3,1,3,2,3,3,3,3,3,2,1,2,2,1,1,2,1,1,1,1,2,2,2,1,2,4,1,1,1,0,1,1,1,0,1,1,1,0,1,1,2,1
NDMD12,ZPHS BETMOGRA,2,9,14,1,3,2,3,3,3,3,1,3,2,3,1,3,3,1,2,1,2,2,1,1,2,1,1,1,1,2,2,2,1,2,4,1,1,1,0,0,0,1,0,1,1,1,0,1,1,2,1
NDMD13,ANUSYABAI PATIL HIGH SCHOOL GOJEGAON,2,7,11,1,2,2,3,3,3,2,3,3,2,1,3,2,3,1,4,3,4,4,4,4,6,1,4,3,3,1,0,2,1,2,4,0,0,1,0,0,0,1,0,1,1,1,0,1,1,1,1
NDMD14,ANUSYABAI PATIL HIGH SCHOOL GOJEGAON,2,9,13,1,2,0,3,3,3,2,3,3,2,1,3,2,3,1,0,3,2,2,1,1,8,8,0,3,3,0,2,2,3,2,4,1,1,1,0,1,1,1,1,1,1,1,0,0,1,1,1
NDMD15,ANUSYABAI PATIL HIGH SCHOOL GOJEGAON,2,9,13,2,2,0,3,3,3,2,3,3,2,1,3,2,3,1,0,3,2,2,1,1,8,1,0,3,3,0,2,2,3,2,4,1,1,1,0,1,1,1,1,1,1,1,0,0,1,5,1
NDMD16,ANUSYABAI PATIL HIGH SCHOOL GOJEGAON,2,7,12,1,3,0,1,3,1,3,2,3,2,3,2,3,3,3,2,1,0,8,0,0,0,0,0,0,0,0,0,0,0,0,4,1,1,1,0,1,1,1,1,1,1,1,0,0,1,1,1
NDMD17,ZPHS SAWARGAON,2,9,16,1,2,0,3,3,3,2,3,3,2,1,3,2,3,1,0,3,2,2,1,1,8,1,0,3,3,0,2,2,3,2,4,1,1,1,0,1,1,1,1,1,1,1,0,0,1,1,1
NDMD18,ZPHS SAWARGAON,2,7,13,1,3,2,3,3,3,2,3,3,2,1,3,2,3,1,3,3,2,2,8,8,8,8,8,3,3,0,2,2,3,2,4,1,1,1,0,1,1,1,1,1,1,1,0,0,1,1,1
NDMD19,ZPHS SAWARGAON,2,6,11,1,3,0,3,3,3,2,3,3,2,1,3,2,3,1,0,3,2,2,8,8,8,8,8,3,3,0,2,2,3,3,4,1,1,1,0,1,1,1,1,1,1,1,0,0,1,1,1
NDMD20,ZPHS SAWARGAON,2,8,14,1,2,0,3,3,3,2,3,3,2,1,3,2,3,1,0,3,2,2,8,8,8,8,0,3,3,0,2,2,3,2,4,1,1,1,0,1,1,1,1,1,1,1,0,0,1,1,1
NDMD21,ZPHS JAHUR,2,8,12,1,2,2,3,3,3,2,3,3,2,1,3,2,3,1,0,3,2,2,8,8,8,8,0,3,3,0,2,2,3,2,4,1,1,1,0,1,1,1,1,1,1,1,0,0,1,1,1
NDMD22,ZPHS JAHUR,2,9,13,1,3,0,1,3,3,3,3,3,3,3,1,3,3,3,4,4,4,8,8,8,2,8,8,3,3,2,2,3,3,0,4,1,1,1,0,0,1,1,1,1,1,1,0,1,1,5,0
NDMD23,ZPHS JAHUR,2,9,13,1,3,2,3,3,3,2,1,0,0,0,0,0,0,0,0,3,8,2,8,8,8,1,8,3,3,2,0,1,3,3,4,1,1,1,0,0,1,1,1,1,1,1,0,1,1,1,1
NDMD24,ZPHS JAHUR,2,8,12,1,3,2,3,3,3,2,3,3,2,1,3,2,3,1,4,3,2,2,8,8,8,8,8,3,3,0,2,2,3,2,4,1,1,1,0,1,1,1,1,1,1,1,0,0,1,1,1
NDMD25,ASHOK VIDHYALAYA EKLARA,2,6,11,1,3,2,3,1,3,3,1,3,2,3,3,3,3,3,2,1,2,2,1,1,2,1,1,1,1,2,2,2,1,2,4,1,1,1,0,1,1,1,0,1,1,1,0,1,1,2,1
NDMD26,ASHOK VIDHYALAYA EKLARA,2,7,13,1,3,2,3,1,3,3,1,3,2,3,1,3,3,3,6,1,2,2,1,1,2,1,1,1,1,2,2,2,1,2,4,1,0,1,0,0,1,1,0,1,1,1,0,0,1,2,1
NDMD27,ASHOK VIDHYALAYA EKLARA,1,9,14,1,3,2,3,1,3,3,0,3,2,3,1,3,3,3,2,3,2,2,1,1,2,1,1,2,1,2,2,2,1,2,4,1,0,1,0,0,1,1,0,1,1,1,0,1,1,2,1
NDMD28,ASHOK VIDHYALAYA EKLARA,2,8,13,1,3,2,3,3,3,3,1,3,2,3,1,3,3,3,2,1,2,2,1,1,2,1,1,1,1,2,2,2,1,2,4,1,1,1,0,0,1,1,0,1,1,1,0,1,1,2,0
NDMD29,CPS BRANCH MUKHED,2,9,15,1,3,0,3,3,3,2,3,3,2,1,3,2,3,1,4,3,2,2,1,1,4,8,0,3,3,0,2,2,3,2,4,1,1,1,0,1,1,1,1,1,1,1,0,0,1,1,1
NDMD30,CPS BRANCH MUKHED,2,6,10,1,2,0,3,3,3,2,1,3,2,1,3,2,3,1,4,3,2,2,1,1,4,0,8,3,3,0,2,2,3,2,4,1,1,1,0,1,1,1,1,1,1,1,0,0,1,1,1
NDMD31,CPS BRANCH MUKHED,2,9,13,1,2,0,3,3,3,2,1,3,2,1,3,2,3,1,4,3,2,2,5,8,4,0,0,0,3,0,0,3,3,2,4,0,0,0,0,0,0,0,0,0,0,0,0,0,1,5,1
NDMD32,CPS BRANCH MUKHED,2,8,12,2,2,0,3,3,3,2,3,3,2,1,3,2,3,1,4,3,2,2,5,1,4,0,0,3,3,0,2,2,3,2,4,1,1,1,0,1,1,1,1,1,1,1,0,0,1,1,1
NDBL1,BILOLI URDU HIGHSCHOOL BILOLI,1,8,13,1,3,2,3,3,1,2,2,3,2,3,3,1,3,1,4,3,2,2,1,8,2,8,7,3,1,3,0,3,3,1,4,1,1,1,0,0,1,1,1,1,1,1,0,0,1,5,1
NDBL2,BILOLI URDU HIGHSCHOOL BILOLI,1,8,13,1,3,1,3,1,3,2,1,3,2,3,3,1,3,1,,3,2,2,1,1,6,8,8,3,3,2,1,3,1,2,4,1,1,1,0,0,1,1,0,1,1,1,0,0,1,5,1
NDBL3,BILOLI URDU HIGHSCHOOL BILOLI,1,7,12,1,3,2,3,3,1,2,1,3,2,3,3,1,3,1,,3,2,2,8,8,2,4,8,3,3,2,3,3,1,2,4,1,1,1,0,1,1,1,1,1,1,1,0,0,1,5,1
NDBL4,BILOLI URDU HIGHSCHOOL BILOLI,1,8,13,1,3,2,3,3,3,2,1,3,2,3,3,1,3,1,,3,2,2,8,7,2,8,1,3,3,1,2,3,3,2,4,1,1,1,0,0,1,1,1,1,1,1,0,0,1,5,1
NDBL5,CH SHIVAJI HS BELKONI KH,2,10,15,1,3,2,3,3,3,2,1,3,2,3,3,1,3,1,,3,2,2,1,8,2,4,1,3,3,1,0,3,1,2,4,1,1,1,0,0,1,1,1,1,1,1,0,0,1,1,1
NDBL6,CH SHIVAJI HS BELKONI KH,2,10,15,1,3,1,3,3,3,2,1,3,2,3,3,1,3,1,,3,2,2,1,7,2,8,8,3,3,1,0,3,1,1,4,1,1,1,1,0,0,1,1,1,1,1,0,0,1,5,1
NDBL7,CH SHIVAJI HS BELKONI KH,1,6,11,1,3,1,3,1,1,2,1,3,2,3,3,1,3,1,,3,2,2,1,1,2,8,8,3,3,2,1,3,1,2,4,1,1,1,0,0,1,1,0,1,1,1,0,0,1,5,1
NDBL8,CH SHIVAJI HS BELKONI KH,1,9,15,1,3,1,3,1,1,2,1,3,2,3,3,1,3,1,,3,2,2,1,1,6,8,8,3,3,2,1,3,1,2,4,1,1,1,0,0,1,1,0,1,1,1,0,0,1,5,1
NDBL9,CH SHIVAJI HS BELKONI KH,1,6,12,1,3,1,3,1,1,2,1,3,2,3,3,1,2,1,,3,2,2,1,1,2,8,8,3,3,2,1,3,1,2,4,1,1,1,0,0,1,1,0,1,1,1,0,0,1,5,1
NDBL10,CH SHIVAJI HS BELKONI KH,2,10,17,1,3,2,3,3,3,2,1,3,2,3,3,1,3,1,,3,2,2,8,7,2,8,1,3,3,1,0,3,1,1,4,1,1,1,0,0,1,1,1,1,1,1,0,0,1,5,1
NDBL11,CH SHIVAJI HS BELKONI KH,1,10,16,1,3,1,3,1,1,2,1,3,2,3,3,1,3,1,,3,2,2,1,1,2,8,8,3,3,2,1,3,1,2,4,1,1,1,0,0,1,1,0,1,1,1,0,0,1,5,1
NDBL12,CH SHIVAJI HS BELKONI KH,2,10,16,1,3,1,3,1,1,2,1,3,2,3,3,1,3,1,,3,2,2,1,1,2,8,8,3,3,2,1,3,1,2,4,1,1,1,0,0,1,1,0,1,1,1,0,0,1,5,1
NDBL13,GAJANAN VIDYALAYA ARALI,2,8,13,1,3,2,3,3,3,2,1,3,2,3,3,1,3,1,4,3,2,2,1,7,2,8,1,3,3,1,2,3,1,1,4,1,1,1,0,0,1,1,1,1,1,1,0,0,1,5,1
NDBL14,GAJANAN VIDYALAYA ARALI,2,6,11,1,3,1,3,1,1,2,1,3,2,3,3,1,3,1,,3,2,2,1,1,2,8,8,3,3,2,1,3,1,2,4,1,1,1,0,0,1,1,0,1,1,1,0,0,1,5,1
NDBL15,GAJANAN VIDYALAYA ARALI,1,8,13,1,3,1,3,1,1,2,1,3,2,3,3,1,3,1,,3,2,2,1,1,2,8,8,3,3,2,1,3,1,2,4,1,1,1,0,0,1,1,0,1,1,1,0,0,1,5,1
NDBL16,GAJANAN VIDYALAYA ARALI,1,7,14,1,3,1,3,1,1,2,1,3,2,3,3,1,3,1,,3,2,2,1,1,2,8,8,3,3,2,1,3,1,2,4,1,1,1,0,0,1,1,0,1,1,1,0,0,1,5,1
NDBL17,GANGABAI POTANNA HS KUNDALWADI,2,6,11,1,3,1,3,1,1,2,1,3,2,3,3,1,3,1,4,3,2,2,1,1,2,8,8,3,3,2,1,3,1,2,4,1,1,1,0,0,1,1,0,1,1,1,0,0,1,5,1
NDBL18,GANGABAI POTANNA HS KUNDALWADI,2,7,12,1,3,1,3,1,1,2,1,3,2,3,3,1,3,1,4,3,2,2,1,1,2,8,8,3,3,2,1,3,1,2,4,1,1,1,0,0,1,1,0,1,1,1,0,0,1,5,1
NDBL19,GANGABAI POTANNA HS KUNDALWADI,1,7,12,1,3,2,3,3,3,2,1,3,2,3,3,1,3,1,,3,2,2,8,8,2,4,8,3,3,0,3,3,1,2,4,1,1,1,0,0,1,1,1,1,1,1,0,0,1,5,1
NDBL20,GANGABAI POTANNA HS KUNDALWADI,1,8,13,1,3,1,3,1,1,2,1,3,2,3,3,1,3,1,4,3,2,2,1,1,2,8,8,3,3,2,1,3,1,2,4,1,1,1,0,0,1,1,0,1,1,1,0,0,1,5,1
NDBL21,IRANNA PATIL VIDYALAYA KARLA BK,1,8,13,1,3,2,3,3,3,1,1,3,2,3,3,1,3,1,,3,2,2,1,8,2,8,8,3,3,1,1,1,1,2,4,1,1,1,1,0,0,1,1,1,1,1,0,0,1,5,1
NDBL22,IRANNA PATIL VIDYALAYA KARLA BK,2,7,12,1,3,1,3,1,1,2,1,3,2,3,3,1,3,1,6,3,2,2,1,1,6,8,8,3,3,2,1,3,1,2,4,1,1,1,0,0,1,1,0,1,1,1,0,0,1,5,1
NDBL23,IRANNA PATIL VIDYALAYA KARLA BK,2,8,13,1,3,1,3,1,1,2,1,3,2,3,3,1,3,1,,3,2,2,1,1,6,8,8,3,3,2,1,3,1,2,4,1,1,1,0,0,1,1,0,1,1,1,0,0,1,5,1
NDBL24,IRANNA PATIL VIDYALAYA KARLA BK,2,7,12,1,3,1,3,1,1,2,1,3,2,3,3,1,3,1,6,3,2,2,1,1,2,8,8,3,3,2,1,3,1,2,4,1,1,1,0,0,1,1,0,1,1,1,0,0,1,5,1
NDBL25,KASTUBA GANDHI B V BILOLI,2,10,15,1,3,1,3,1,1,2,1,3,2,3,3,1,3,1,6,3,2,2,1,1,6,8,8,3,3,2,1,3,1,2,4,1,1,1,0,0,1,1,0,1,1,1,0,0,1,5,1
NDBL26,KASTUBA GANDHI B V BILOLI,2,10,15,1,3,1,3,1,1,2,1,3,2,3,3,1,3,1,,3,2,2,1,1,6,8,8,3,3,2,1,3,1,2,4,1,1,1,0,0,1,1,0,1,1,1,0,0,1,5,1
NDBL27,KASTUBA GANDHI B V BILOLI,2,9,14,1,3,1,3,3,3,2,3,3,2,3,3,2,3,1,,3,2,2,8,8,2,4,1,3,3,2,0,3,1,2,4,1,1,1,0,0,0,1,1,1,1,1,0,0,1,5,1
NDBL28,KASTUBA GANDHI B V BILOLI,1,9,14,1,3,2,3,3,3,2,1,3,2,3,3,1,3,1,,3,2,2,8,8,2,7,8,3,3,2,1,3,1,2,4,1,1,1,0,0,1,1,1,1,1,1,0,0,1,5,1
NDBL29,ANTAR BHARATI VIDYALAYA BILOLI,2,10,15,1,3,1,3,1,1,2,1,3,2,3,3,1,3,1,6,3,2,2,1,1,6,8,1,3,3,2,1,3,1,2,4,1,1,1,0,0,1,1,0,1,1,1,0,0,1,5,1
NDBL30,ANTAR BHARATI VIDYALAYA BILOLI,1,8,13,1,3,2,3,3,3,2,1,3,2,3,3,1,3,1,,3,2,2,8,7,2,4,8,3,3,1,0,3,1,2,4,1,1,1,1,0,0,1,1,1,1,1,0,0,1,5,1
NDBL31,ANTAR BHARATI VIDYALAYA BILOLI,2,10,15,1,3,1,3,3,1,2,1,3,2,3,3,1,3,1,,3,2,2,8,7,2,4,1,3,3,2,2,3,3,2,4,1,1,1,0,0,1,1,1,1,1,1,0,0,1,5,1
NDBL32,ANTAR BHARATI VIDYALAYA BILOLI,1,8,13,1,3,2,3,3,1,2,1,3,2,3,3,1,3,1,,3,2,2,8,7,2,8,8,3,3,2,0,3,1,2,4,1,1,1,0,0,1,1,1,1,1,1,0,0,1,5,1
NDNG21,Z.P.H.S. MANJRAM,1,8,13,0,3,1,3,1,1,2,1,3,2,3,3,1,3,1,,3,2,2,1,1,8,8,8,3,3,2,1,3,1,2,4,1,1,1,0,0,1,1,1,1,1,1,0,0,1,5,1
NDNG22,Z.P.H.S. MANJRAM,1,7,13,0,3,1,3,1,1,2,1,3,2,3,3,1,3,1,,3,2,2,1,1,2,8,8,3,3,2,1,3,1,2,4,1,1,1,0,0,1,1,0,1,1,1,0,0,1,5,1
NDNG23,Z.P.H.S. MANJRAM,1,9,14,0,3,1,3,1,1,2,1,3,2,3,3,1,3,1,,3,2,2,1,1,2,8,8,3,3,2,1,3,1,2,4,1,1,1,0,0,1,1,0,1,1,1,0,0,1,5,1
NDNG24,Z.P.H.S. MANJRAM,1,8,13,1,3,1,3,1,1,2,1,3,2,3,3,1,3,1,,3,2,2,1,1,2,8,8,3,3,2,1,3,1,2,4,1,1,1,0,0,1,1,0,1,1,1,0,0,1,5,1
NDNG25,Z.P.H.S. MANJRAM,2,7,13,0,3,1,3,1,1,2,1,3,2,3,3,1,3,1,,3,2,2,1,2,2,8,8,3,3,2,1,3,1,2,4,1,1,1,0,0,1,1,0,1,1,1,0,0,1,5,1
NDNG26,Z.P. KANYA H.S. NAIGAON BA.,2,8,13,0,3,1,3,1,1,2,1,3,2,3,3,1,3,1,,3,2,2,1,1,2,8,8,3,3,2,1,3,1,2,4,1,1,1,0,0,1,1,0,1,1,1,0,0,1,5,1
NDNG27,Z.P. KANYA H.S. NAIGAON BA.,2,9,14,1,3,1,3,1,1,2,1,3,2,3,3,1,2,1,,3,2,2,1,1,2,8,8,3,3,2,1,3,1,2,4,1,1,1,0,0,1,1,0,1,1,1,0,0,1,5,1
NDNG28,Z.P. KANYA H.S. NAIGAON BA.,2,8,13,0,3,1,3,1,1,2,1,3,2,3,3,1,3,1,,3,2,2,8,1,2,8,8,3,3,2,1,3,1,2,4,1,1,1,0,0,1,1,0,1,1,1,0,0,1,5,1
NDNG29,Z.P. KANYA H.S. NAIGAON BA.,2,8,13,1,3,1,3,1,1,2,1,3,2,3,3,1,3,1,,3,2,2,1,1,2,8,8,3,3,2,1,3,1,2,4,1,1,1,0,0,1,1,0,1,1,1,0,0,1,5,1
NDNG30,Z.P. KANYA H.S. NAIGAON BA.,2,7,12,1,3,1,3,1,1,2,1,3,2,3,3,1,3,1,,3,2,2,1,1,2,8,8,3,3,2,1,3,1,2,4,1,1,1,0,0,1,1,0,1,1,1,0,0,1,5,1
NDNG33,SC BOY'S GOVT. RESIDENCIAL SCHOOL NAIGAON,1,8,12,0,3,1,3,1,1,2,1,3,2,3,3,1,3,1,,3,2,2,1,1,2,8,8,3,3,2,1,3,1,2,4,1,1,1,0,0,1,1,0,1,1,1,0,0,1,5,1
NDNG34,SC BOY'S GOVT. RESIDENCIAL SCHOOL NAIGAON,1,9,14,0,3,1,3,1,1,2,1,3,2,3,3,1,3,1,,3,2,2,1,1,2,8,8,3,3,2,1,3,1,2,4,1,1,1,0,0,1,1,0,1,1,1,0,0,1,5,1
NDNG35,SC BOY'S GOVT. RESIDENCIAL SCHOOL NAIGAON,1,7,12,0,3,1,3,1,1,2,1,3,2,3,3,1,3,1,,3,2,2,8,1,2,8,8,3,3,2,1,3,1,2,4,1,1,1,0,0,1,1,0,1,1,1,0,0,1,5,1
NDNG36,JAI BHAVANI H.S. KRUSHNOOR,1,7,12,1,3,1,3,1,1,2,1,3,2,3,3,1,3,1,,3,2,2,1,1,2,8,8,3,3,2,1,3,1,2,4,1,1,1,0,0,1,1,0,1,1,1,0,0,1,5,1
NDNG39,JAI BHAVANI H.S. KRUSHNOOR,2,8,13,1,3,1,3,1,1,2,1,3,2,3,3,1,3,1,,3,2,2,1,1,2,8,8,3,3,2,1,3,1,2,4,1,1,1,0,0,1,1,0,1,1,1,0,0,1,5,1
NDNG40,JAI BHAVANI H.S. KRUSHNOOR,1,7,12,1,3,1,3,1,1,2,1,3,2,3,3,1,3,1,,3,2,2,1,1,2,8,8,3,3,2,1,3,1,2,4,1,1,1,0,0,1,1,0,1,1,1,0,0,1,5,1
NDMH10,SHASKIY ASHRAM SHALA MALKAGUDA TULSHI,1,7,13,1,3,2,3,3,3,3,1,3,2,3,3,3,3,1,4,3,2,2,1,8,2,8,8,3,1,2,0,3,3,3,1,1,1,0,0,1,1,1,1,1,1,1,0,0,1,1,1
NDMH11,SHASKIY ASHRAM SHALA MALKAGUDA TULSHI,2,10,15,1,3,2,3,3,3,2,1,3,2,3,3,2,3,3,4,3,2,2,1,8,2,8,8,3,3,2,0,3,3,2,4,1,1,1,0,0,1,1,1,1,1,1,0,0,1,5,1
NDMH12,SHASKIY ASHRAM SHALA MALKAGUDA TULSHI,2,9,14,1,3,2,3,3,3,2,3,3,2,3,3,1,3,1,,3,2,2,1,8,2,8,8,3,3,2,1,3,3,3,4,1,1,1,0,0,0,1,1,1,1,1,0,0,1,5,1
NDMH13,SHASKIY ASHRAM SHALA MALKAGUDA TULSHI,2,8,13,1,3,1,3,3,3,2,1,3,2,3,3,3,3,1,,3,2,2,8,7,8,8,8,3,3,2,0,3,3,2,4,1,1,1,0,0,1,1,1,1,1,1,0,0,1,5,1
NDMH14,SHASKIY ASHRAM SHALA MALKAGUDA TULSHI,2,7,13,1,3,2,3,3,3,2,3,3,2,3,3,1,3,1,4,3,2,2,8,8,6,8,8,3,3,2,3,3,3,1,4,1,1,1,0,0,1,1,1,1,1,1,0,0,1,5,1
NDMH15,SHASKIY ASHRAM SHALA MAHOOR,2,7,13,1,3,1,3,1,1,2,1,3,2,3,3,1,3,1,,3,2,2,1,1,2,8,8,3,3,2,1,3,1,2,4,1,1,1,0,0,1,1,0,1,1,1,0,0,1,5,1
NDMH16,SHASKIY ASHRAM SHALA MAHOOR,2,8,13,1,3,1,3,1,1,2,1,3,2,3,3,1,3,1,,3,2,2,1,1,2,8,8,3,3,2,1,3,1,2,4,1,1,1,0,0,1,1,0,1,1,1,0,0,1,5,1
NDMH17,SHASKIY ASHRAM SHALA MAHOOR,2,9,14,1,3,1,3,1,1,2,1,3,2,3,3,1,3,1,,3,2,6,1,1,2,8,8,3,3,2,1,3,1,2,4,1,1,1,0,0,1,1,0,1,1,1,0,0,1,5,1
NDMH18,SHASKIY ASHRAM SHALA MAHOOR,2,10,14,1,3,1,3,1,1,2,1,3,2,3,3,1,3,1,,3,2,2,1,1,2,8,8,3,3,2,1,3,1,2,4,1,1,1,0,0,1,1,0,1,1,1,0,0,1,5,1
NDMH19,SHASKIY ASHRAM SHALA MAHOOR,2,10,14,1,3,1,3,1,1,2,1,3,2,3,3,1,2,1,,3,2,2,1,1,2,8,8,3,3,2,1,3,1,2,4,1,1,1,0,0,1,1,0,1,1,1,0,0,1,5,1
NDMH20,SHASKIY ASHRAM SHALA MAHOOR,2,10,15,1,3,1,3,1,1,2,1,3,2,3,3,1,3,1,,3,2,2,1,1,2,8,8,3,3,2,1,3,1,2,4,1,0,1,0,0,1,1,0,1,1,1,0,0,1,5,1
NDMH21,CH.SMBHAJI MAHARAJ VID. MADNAPUR,1,7,13,1,3,1,3,1,1,2,1,3,2,3,3,1,3,1,,3,2,2,1,1,2,8,8,3,3,2,1,3,1,2,4,1,1,1,0,0,1,1,0,1,1,1,0,0,1,5,1
NDMH22,CH.SMBHAJI MAHARAJ VID. MADNAPUR,2,10,16,1,3,1,3,1,1,2,1,3,2,3,3,1,3,1,,3,2,2,1,1,2,8,8,3,3,2,1,3,1,2,4,1,1,1,0,0,1,1,0,1,1,1,0,0,1,5,1
NDMH23,CH.SMBHAJI MAHARAJ VID. MADNAPUR,2,10,15,1,3,1,3,1,1,2,1,3,2,3,3,1,3,1,,3,6,2,1,1,2,8,8,3,3,2,1,3,1,2,4,1,1,1,0,0,1,1,0,1,1,1,0,0,1,5,1
NDMH24,CH.SMBHAJI MAHARAJ VID. MADNAPUR,2,9,14,1,3,1,3,1,1,2,1,3,2,3,3,1,3,1,,3,2,2,1,1,2,8,8,3,3,2,1,3,1,2,4,1,1,1,0,0,1,1,0,1,1,1,0,0,1,5,1
NDMH25,CH.SMBHAJI MAHARAJ VID. MADNAPUR,1,8,13,1,3,1,3,1,1,2,1,3,2,3,3,1,3,0,6,3,2,2,1,1,2,8,8,3,3,2,1,3,1,2,4,1,1,1,0,0,1,1,0,1,1,1,0,0,1,5,1
NDMH26,CH.SMBHAJI MAHARAJ VID. MADNAPUR,1,8,13,1,3,1,3,1,1,2,1,3,2,3,3,1,3,1,,3,2,2,1,8,2,8,8,3,3,2,1,3,1,2,4,1,1,1,0,0,1,1,0,1,1,1,0,0,1,5,1
NDMH27,DR.B.R.AMBEDKAR VID. MAHOOR,2,8,13,1,3,1,3,1,1,2,1,3,2,3,3,1,3,1,,3,2,2,1,1,2,8,8,3,3,2,1,3,1,2,4,1,1,1,0,1,1,1,0,1,1,1,0,0,1,5,1
NDMH28,DR.B.R.AMBEDKAR VID. MAHOOR,1,8,13,1,3,1,3,1,1,2,1,3,2,3,3,1,3,1,,3,2,2,1,1,2,8,8,3,3,2,1,3,1,2,4,1,1,1,0,0,1,1,0,1,1,1,0,1,1,5,1
NDMH29,DR.B.R.AMBEDKAR VID. MAHOOR,1,7,13,1,3,1,3,1,1,2,1,3,2,3,3,1,3,1,,3,2,2,1,1,2,8,8,3,3,2,1,3,1,2,4,1,1,1,0,0,1,1,0,1,1,1,0,0,1,5,1
NDMH30,DR.B.R.AMBEDKAR VID. MAHOOR,2,9,14,1,3,1,3,1,1,2,1,3,2,3,3,1,3,1,,3,2,2,1,1,2,8,8,3,3,2,1,3,1,2,4,1,1,1,0,0,1,1,0,1,1,1,0,0,1,5,1
NDMH31,DR.B.R.AMBEDKAR VID. MAHOOR,2,6,11,1,3,1,3,1,1,2,1,3,2,3,3,1,3,1,,3,2,2,1,1,2,8,8,3,3,2,1,3,1,2,4,1,1,1,0,0,1,1,0,1,1,1,0,0,1,5,1
NDMH32,DR.B.R.AMBEDKAR VID. MAHOOR,2,7,13,1,3,1,3,1,1,2,1,3,2,3,3,1,3,1,,3,2,2,1,1,2,8,8,3,3,2,1,3,1,2,4,1,1,1,0,0,1,1,0,1,1,1,0,0,1,5,1
NDKD1b,M.B.M.V.,2,8,14,1,3,3,3,3,3,3,3,3,3,3,3,3,3,3,4,3,6,6,1,1,6,8,8,3,1,2,2,2,3,2,4,1,1,1,0,0,0,1,1,1,1,1,1,1,1,1,1
NKDK2b,M.B.M.V.,2,10,15,1,3,3,3,3,3,3,3,3,3,3,3,3,3,3,4,3,6,6,1,1,6,8,1,3,1,2,2,2,3,2,4,1,1,1,0,0,0,1,0,1,1,1,0,1,1,1,1
NDKD3b,M.B.M.V.,2,9,15,1,3,3,3,3,3,3,3,3,3,3,3,3,3,3,4,3,6,6,1,1,6,8,1,3,3,2,2,2,3,2,4,1,1,1,0,0,0,1,0,1,1,1,0,1,1,1,1
NDKD5,ZPHS KATKALAMBA,2,9,14,1,3,3,3,3,3,3,3,3,3,3,3,3,3,3,4,4,4,4,4,4,4,4,4,3,3,0,0,3,3,0,4,1,1,1,0,1,0,1,0,1,1,1,0,0,1,1,1
NDKD6,ZPHS KATKALAMBA,2,8,14,1,3,3,3,3,3,3,3,3,3,3,3,3,3,3,4,3,4,4,4,4,4,8,8,3,3,0,0,3,3,0,4,1,1,1,0,1,0,1,0,1,1,1,0,1,1,1,1
NDKD7,ZPHS KATKALAMBA,2,9,15,1,3,3,3,3,3,3,3,3,3,3,3,3,3,3,4,3,4,4,4,4,4,4,4,3,3,0,0,3,3,0,4,1,1,1,0,1,1,1,0,1,1,1,0,0,1,1,1
NDKD8,ZPHS KATKALAMBA,2,7,12,1,3,3,3,3,3,3,3,3,3,3,3,3,3,3,4,4,4,4,4,4,4,4,4,3,3,0,0,3,3,0,4,1,1,1,0,1,1,1,0,1,1,1,0,0,1,1,1
NDKD11,ZPHS KATKALAMBA,2,8,14,1,3,3,3,3,3,3,3,3,3,3,3,3,3,3,4,3,4,4,4,4,4,4,8,3,3,0,0,3,3,0,4,1,1,1,0,1,1,1,0,1,1,1,0,0,1,1,1
NDKD12,ZPHS KATKALAMBA,2,10,15,1,3,3,3,3,3,3,3,3,3,3,3,3,3,3,4,4,4,4,4,4,4,4,4,3,3,0,0,3,3,0,4,1,1,1,0,1,1,1,0,1,1,1,0,0,1,1,1
NDKD13,KAI. GANESHRAO PATIL DHONDGE SEC. SCH. RAUTKHEDA,2,8,14,1,3,3,3,3,3,3,3,3,3,3,3,3,3,3,4,4,4,4,4,4,4,4,4,3,3,3,3,3,3,2,4,1,1,1,0,1,1,1,1,1,1,1,1,1,1,7,1
NDKD14,KAI. GANESHRAO PATIL DHONDGE SEC. SCH. RAUTKHEDA,2,9,14,1,3,3,3,3,3,3,3,3,3,3,3,3,3,3,4,4,4,4,4,4,4,4,4,3,3,3,2,3,3,2,4,1,1,1,0,0,1,1,0,1,1,1,0,0,1,7,1
NDKD15,KAI. GANESHRAO PATIL DHONDGE SEC. SCH. RAUTKHEDA,2,9,14,1,3,3,3,3,3,3,3,3,3,3,3,3,3,3,4,4,4,4,4,4,4,4,4,3,3,3,3,3,3,2,4,1,1,1,0,0,1,1,0,1,1,1,0,0,1,7,1
NDKD16,KAI. GANESHRAO PATIL DHONDGE SEC. SCH. RAUTKHEDA,2,7,13,1,3,3,3,3,3,3,3,3,3,3,3,3,3,3,4,4,4,4,4,4,4,4,4,3,3,3,3,3,3,3,4,1,1,1,0,1,1,1,1,1,1,1,1,1,1,7,1
NDKD17,KAI. GANESHRAO PATIL DHONDGE SEC. SCH. RAUTKHEDA,2,8,14,1,3,3,3,3,3,3,3,3,3,3,3,3,3,3,4,4,4,4,4,4,4,4,4,3,3,3,2,1,3,2,4,1,1,1,0,0,1,1,0,1,1,1,1,1,1,7,1
NDKD18,KAI. GANESHRAO PATIL DHONDGE SEC. SCH. RAUTKHEDA,2,6,13,1,3,3,3,3,3,3,3,3,3,3,3,3,3,3,4,4,4,4,4,4,4,4,4,3,3,3,0,3,3,2,4,1,1,1,0,1,1,1,0,1,1,0,0,1,1,7,1
NDKD20,KAI. GANESHRAO PATIL DHONDGE SEC. SCH. RAUTKHEDA,2,10,16,1,3,3,3,3,3,3,3,3,3,3,3,3,3,3,4,4,4,4,4,4,4,4,4,3,3,3,3,3,3,2,4,1,1,1,0,0,1,1,1,1,1,1,1,1,1,7,1
NDKD22,LAL BAHADUR SHASTRI SEC. & H. SEC. SCHOOL SANGUCHIWADI,2,10,16,1,3,3,3,3,3,3,3,3,3,3,3,3,3,3,6,3,6,6,8,4,6,8,8,3,3,0,0,3,3,0,4,1,1,1,0,1,1,1,1,1,0,0,1,1,1,1,1
NDKD25,LAL BAHADUR SHASTRI SEC. & H. SEC. SCHOOL SANGUCHIWADI,2,8,14,1,3,2,3,1,3,3,1,3,3,3,3,3,3,3,3,3,6,6,6,1,6,1,8,3,3,0,0,3,3,0,4,1,1,1,0,0,0,0,1,1,0,1,1,1,1,1,1
NDKD26,ZPHS BACHOTI,2,7,13,1,3,3,3,3,3,3,3,3,3,3,3,3,3,3,7,3,6,8,1,8,2,1,1,3,3,0,0,3,3,0,4,1,1,1,0,1,1,1,0,1,1,1,1,1,1,1,1
NDKD27,ZPHS BACHOTI,2,8,14,1,3,3,3,3,3,3,3,3,3,3,3,3,3,3,7,3,6,6,1,1,6,8,5,3,3,0,0,3,2,0,4,1,1,1,0,1,1,1,0,1,1,1,1,1,1,1,1
NDKD28,ZPHS BACHOTI,2,8,13,1,3,3,3,3,3,3,3,3,3,3,3,3,3,3,7,3,2,2,1,2,2,1,1,3,3,0,0,3,3,0,,1,1,1,0,1,1,1,0,1,0,0,1,1,1,1,1
NDKD29,ZPHS BACHOTI,2,7,12,1,3,0,3,0,0,0,0,3,3,3,3,3,3,3,2,3,2,2,8,0,2,1,1,3,3,0,0,3,3,0,1,1,1,1,0,1,1,1,0,1,1,1,1,1,1,1,1
NDKD30,MAHATMA PHULE VIDYALAYA NEW MONDHA KANDHAR,2,6,13,1,3,2,3,3,3,2,1,3,2,3,3,1,3,1,,3,2,2,8,7,2,8,8,3,3,2,2,3,3,2,4,1,1,1,0,1,1,1,1,1,1,1,0,0,1,5,1
NDKD34,LATE RAJIV GANDHI VIDYALAYA BOLKA,2,7,14,1,3,2,3,3,3,3,3,3,3,3,3,3,3,3,2,3,6,6,1,6,8,8,1,3,3,2,2,2,3,2,4,1,1,0,0,0,0,0,0,0,1,1,0,0,1,1,1
NDKD37,LATE RAJIV GANDHI VIDYALAYA BOLKA,2,6,11,1,3,1,3,3,3,2,1,3,2,3,3,1,3,1,4,4,2,2,1,8,2,8,8,3,3,2,2,3,1,2,4,1,1,1,0,0,1,1,1,1,1,1,0,0,1,5,1
NDKD38,MAHARUDRA SEC. SCHOOL MANASPURI,2,6,12,1,3,3,3,1,3,2,1,3,2,3,3,1,3,1,,3,2,2,8,8,2,8,1,3,3,2,0,1,3,2,4,1,1,1,0,0,1,1,1,1,1,1,0,0,1,1,1
NDKD39,MAHARUDRA SEC. SCHOOL MANASPURI,1,8,14,1,3,3,3,3,3,3,3,3,2,3,3,3,3,3,4,4,2,2,5,5,4,1,1,0,1,0,0,2,3,2,4,1,0,1,0,0,1,1,0,1,0,1,0,0,1,1,1
NDKD40,MAHARUDRA SEC. SCHOOL MANASPURI,1,8,14,1,3,2,3,1,3,3,1,3,3,3,3,3,3,2,6,3,2,2,1,1,2,8,1,1,0,0,0,0,1,3,4,1,1,0,0,1,0,1,0,0,0,1,0,0,1,1,1
NDKD42,MAHARUDRA SEC. SCHOOL MANASPURI,2,7,12,1,3,3,3,3,3,3,3,3,3,3,3,3,3,3,4,3,7,7,8,7,7,7,7,3,3,0,0,3,3,0,4,1,1,1,1,1,0,1,1,1,1,1,1,0,1,1,1
NDKD46,LATE RAJIV GANDHI VIDYALAYA BOLKA,2,8,14,1,3,2,3,3,3,2,3,3,3,3,3,3,3,3,2,3,6,6,1,1,6,8,1,3,3,0,2,2,3,2,4,1,1,0,0,0,0,0,0,0,1,1,0,0,1,1,1
NDKD47,LATE RAJIV GANDHI VIDYALAYA BOLKA,2,8,14,1,3,2,3,3,3,3,3,3,3,3,3,3,3,3,4,4,6,6,1,1,6,8,1,3,3,2,2,2,3,2,4,1,1,0,0,0,0,1,1,1,1,1,0,0,1,1,1
NDKD48,LATE RAJIV GANDHI VIDYALAYA BOLKA,2,9,15,1,3,2,3,3,3,3,1,3,3,3,3,3,3,3,4,3,6,6,1,1,6,8,1,2,2,2,2,2,3,2,4,1,1,0,0,0,0,1,1,1,1,1,1,1,1,1,1
